record_type,method_key,method,beta,target,sequence_json
x0,,,,shared,"[128, 34, 33, 45, 57, 75, 73, 83, 92, 100, 103, 101, 120, 122, 116, 121, 127, 127, 123, 125, 123, 125, 125, 112, 114, 105, 94, 76, 71, 74, 50, 54, 52, 39, 27, 19, 23, 16, 7, 12, 8, 12, 4, 0, 1, 0, 8, 12, 8, 23, 38, 31, 38, 59, 64, 87, 67, 88, 93, 98, 110, 110, 103, 115, 127, 127, 125, 127, 127, 126, 123, 121, 120, 108, 108, 86, 93, 84, 74, 65, 56, 46, 29, 34, 36, 21, 21, 5, 0, 0, 0, 0, 3, 12, 0, 0]"
target,,,,in_dis_y,"[128, 127, 127, 123, 119, 108, 94, 75, 68, 45, 35, 22, 16, 22, 0, 5, 0, 1, 17, 19, 23, 37, 59, 64, 83, 95, 102, 127, 126, 113, 127, 122, 127, 111, 106, 99, 88, 62, 54, 40, 26, 31, 13, 0, 7, 14, 9, 0, 11, 32, 31, 51, 67, 70, 88, 80, 104, 117, 117, 127, 118, 122, 120, 120, 92, 96, 76, 56, 52, 37, 21, 15, 5, 3, 4, 11, 0, 24, 7, 29, 46, 57, 65, 81, 92, 103, 121, 125, 122, 127, 127, 127, 119, 101, 91, 87, 73, 55, 43, 38, 15, 14, 3, 0, 7, 8, 13, 23, 25, 41, 47, 65, 76, 90]"
generated,unguided,Unguided,5,in_dis_y,"[128, 19, 15, 34, 33, 51, 45, 62, 57, 75, 71, 73, 83, 92, 100, 104, 101, 103, 108, 101, 120, 122, 116, 125, 121, 127, 127, 123, 118, 125, 123, 125, 125, 123, 118, 112, 114, 105, 94, 76, 81, 71, 70, 74, 50, 54, 52, 52, 45, 39, 27, 30, 19, 23, 26, 16, 7, 12, 8, 12, 4, 0, 3, 3, 1, 0, 11, 6, 8, 12, 13, 8, 23, 24, 38, 31, 38, 59, 58, 64, 87, 67, 88, 79, 93, 98, 110, 110, 103, 108, 112, 115, 113, 127, 127, 127, 125, 127, 127, 126, 123, 116, 121, 120, 108, 103, 108, 86, 93, 84, 74, 79, 65, 56, 46, 55, 29, 34, 36, 21, 15, 21, 3, 6, 2, 5, 7, 0, 0, 0, 0, 0, 3, 4, 3, 12, 22, 5, 14, 9, 12, 9, 0, 45, 68, 85, 35, 39, 127, 10, 9, 23, 55, 62, 38, 61, 25, 101, 0, 0, 16, 92]"
generated,best_of_k,Rejection Sampling,5,in_dis_y,"[128, 39, 34, 33, 45, 57, 57, 75, 62, 73, 83, 87, 92, 100, 103, 101, 101, 120, 122, 116, 121, 127, 127, 123, 125, 123, 125, 127, 125, 112, 127, 119, 104, 114, 105, 100, 100, 94, 76, 71, 74, 50, 54, 52, 42, 39, 45, 27, 19, 23, 16, 7, 1, 12, 8, 12, 0, 4, 0, 1, 0, 8, 12, 8, 8, 8, 10, 23, 38, 31, 39, 38, 56, 59, 67, 64, 87, 67, 77, 88, 105, 93, 98, 110, 110, 103, 120, 115, 125, 127, 127, 125, 127, 127, 126, 123, 121, 120, 108, 108, 94, 88, 86, 93, 84, 74, 65, 65, 58, 56, 46, 45, 29, 34, 40, 36, 21, 21, 20, 8, 12, 5, 0, 0, 0, 0, 0, 3, 12, 0, 0]"
generated,bootstrap_smc,Bootstrap SMC,5,in_dis_y,"[128, 34, 33, 45, 55, 57, 62, 75, 73, 83, 92, 100, 103, 101, 104, 120, 122, 116, 121, 127, 127, 124, 123, 125, 127, 123, 125, 127, 109, 125, 112, 114, 108, 105, 99, 94, 92, 76, 76, 71, 74, 68, 50, 54, 52, 39, 27, 19, 23, 16, 7, 12, 8, 12, 4, 0, 1, 0, 0, 0, 8, 12, 8, 10, 1, 3, 18, 23, 38, 31, 38, 59, 61, 68, 64, 87, 67, 88, 93, 98, 105, 110, 110, 103, 127, 115, 127, 119, 119, 127, 126, 127, 125, 127, 127, 126, 123, 121, 120, 108, 108, 86, 93, 83, 84, 84, 74, 67, 65, 56, 55, 46, 29, 34, 36, 21, 11, 21, 10, 14, 5, 0, 0, 0, 0, 9, 0, 0, 3, 12, 0, 11, 0, 25, 0, 67, 75, 78]"
generated,exact_guidance_u,Exact Guidance,5,in_dis_y,"[128, 36, 31, 34, 33, 48, 45, 57, 62, 75, 73, 83, 99, 92, 85, 100, 103, 101, 120, 122, 116, 127, 127, 121, 127, 127, 123, 125, 123, 125, 125, 127, 112, 106, 114, 105, 94, 94, 76, 71, 74, 78, 69, 50, 54, 52, 40, 39, 27, 32, 19, 23, 16, 7, 12, 8, 12, 4, 0, 11, 0, 1, 0, 0, 8, 13, 12, 18, 8, 23, 38, 31, 30, 38, 52, 59, 64, 72, 87, 67, 88, 93, 98, 106, 110, 110, 103, 126, 113, 115, 127, 127, 118, 125, 127, 127, 126, 123, 121, 116, 120, 108, 108, 100, 96, 86, 93, 84, 74, 65, 56, 46, 43, 29, 43, 34, 36, 21, 21, 9, 5, 5, 0, 0, 0, 0, 0, 3, 0, 6, 12, 0, 0, 22, 18, 7, 17]"
generated,unguided,Unguided,10,in_dis_y,"[128, 34, 33, 26, 43, 45, 65, 57, 75, 73, 87, 83, 92, 100, 99, 103, 101, 120, 127, 122, 116, 121, 127, 127, 123, 125, 123, 125, 125, 123, 112, 114, 105, 98, 94, 86, 76, 81, 71, 74, 50, 54, 52, 39, 44, 27, 19, 23, 16, 7, 12, 8, 12, 7, 4, 0, 1, 1, 0, 1, 8, 0, 12, 17, 8, 26, 23, 38, 31, 45, 38, 59, 59, 62, 64, 77, 87, 67, 88, 93, 98, 110, 110, 103, 122, 115, 127, 127, 127, 127, 125, 127, 118, 127, 126, 123, 121, 121, 120, 108, 108, 86, 93, 84, 74, 72, 65, 56, 63, 46, 29, 34, 36, 20, 21, 21, 8, 5, 3, 0, 0, 2, 0, 0, 0, 0, 3, 12, 0, 0]"
generated,best_of_k,Rejection Sampling,10,in_dis_y,"[128, 9, 11, 34, 33, 55, 45, 57, 75, 78, 73, 83, 92, 100, 103, 101, 120, 119, 122, 116, 118, 121, 127, 127, 127, 123, 127, 125, 123, 125, 125, 123, 112, 114, 112, 101, 105, 94, 76, 79, 71, 74, 64, 50, 54, 42, 52, 39, 27, 19, 23, 16, 7, 12, 8, 12, 4, 0, 3, 1, 3, 0, 0, 8, 0, 12, 26, 8, 32, 23, 38, 37, 31, 38, 59, 62, 67, 64, 87, 67, 88, 93, 98, 110, 110, 103, 120, 115, 127, 127, 127, 125, 127, 127, 127, 57, 126, 123, 125, 121, 120, 126, 101, 108, 108, 86, 93, 83, 84, 74, 65, 56, 46, 44, 31, 22, 29, 34, 36, 21, 21, 5, 1, 0, 0, 0, 2, 0, 0, 0, 3, 12, 0, 0]"
generated,bootstrap_smc,Bootstrap SMC,10,in_dis_y,"[128, 34, 33, 45, 52, 52, 57, 75, 73, 83, 77, 92, 100, 103, 101, 120, 115, 122, 124, 116, 121, 116, 127, 127, 123, 125, 123, 125, 125, 112, 114, 106, 105, 94, 85, 76, 69, 71, 74, 50, 54, 52, 39, 27, 37, 25, 19, 23, 16, 7, 12, 8, 12, 4, 0, 1, 1, 0, 9, 5, 8, 16, 12, 8, 23, 14, 38, 31, 38, 37, 45, 59, 64, 87, 67, 77, 88, 93, 79, 98, 110, 110, 103, 103, 124, 115, 127, 127, 125, 126, 127, 127, 123, 126, 127, 123, 127, 119, 121, 117, 120, 108, 101, 108, 89, 86, 93, 75, 84, 74, 65, 56, 46, 50, 29, 34, 36, 13, 21, 0, 21, 5, 0, 0, 0, 0, 0, 3, 12, 0, 0]"
generated,exact_guidance_u,Exact Guidance,10,in_dis_y,"[128, 34, 28, 31, 36, 33, 45, 57, 75, 69, 73, 83, 85, 92, 100, 103, 101, 103, 120, 119, 122, 116, 121, 127, 127, 123, 125, 123, 125, 124, 125, 127, 106, 112, 114, 112, 105, 94, 78, 76, 89, 71, 74, 67, 50, 54, 52, 39, 27, 19, 23, 16, 7, 12, 8, 12, 4, 0, 0, 1, 0, 8, 3, 12, 8, 13, 11, 13, 23, 38, 31, 38, 58, 51, 57, 59, 64, 87, 67, 88, 93, 98, 110, 110, 117, 103, 115, 120, 127, 127, 125, 127, 124, 127, 127, 126, 123, 121, 120, 108, 108, 114, 86, 93, 84, 74, 82, 65, 56, 61, 46, 29, 34, 36, 21, 21, 0, 1, 14, 5, 0, 0, 0, 0, 0, 3, 12, 0, 0]"
target,,,,Linear,"[0, 1, 2, 3, 4, 5, 6, 6, 8, 9, 10, 11, 12, 13, 14, 15, 16, 17, 18, 19, 20, 21, 22, 23, 24, 25, 26, 27, 28, 29, 30, 31, 32, 33, 34, 35, 36, 37, 38, 39, 40, 41, 42, 43, 44, 45, 46, 47, 48, 49, 50, 51, 52, 53, 54, 55, 56, 57, 58, 59, 60, 61, 62, 63, 64, 65, 66, 67, 68, 69, 70, 71, 72, 73, 74, 75, 76, 77, 78, 79, 80, 81, 82, 83, 84, 85, 86, 87, 88, 89, 90, 91, 92, 93, 94, 95, 96, 97, 98, 99, 100, 101, 102, 103, 104, 105, 106, 107, 108, 109, 110, 111, 112, 113, 114, 115, 116, 117, 118, 119, 120, 121, 122, 123, 124, 125, 126, 128]"
generated,unguided,Unguided,5,Linear,"[128, 34, 33, 45, 45, 63, 57, 75, 73, 78, 83, 92, 100, 103, 99, 101, 106, 120, 122, 116, 121, 127, 127, 127, 127, 123, 127, 125, 123, 125, 122, 125, 112, 114, 100, 105, 109, 94, 89, 78, 76, 71, 74, 50, 54, 50, 52, 39, 27, 37, 19, 26, 4, 23, 16, 7, 12, 8, 12, 4, 0, 0, 1, 0, 0, 0, 0, 8, 12, 20, 8, 23, 38, 31, 38, 44, 59, 70, 64, 87, 67, 88, 94, 93, 98, 110, 110, 103, 115, 117, 114, 127, 127, 125, 127, 127, 123, 127, 127, 126, 123, 121, 120, 108, 108, 86, 93, 84, 74, 70, 65, 56, 46, 41, 29, 34, 36, 23, 21, 9, 21, 5, 0, 0, 0, 0, 0, 0, 3, 28, 37, 89, 114, 21, 14, 82, 99, 0, 5, 20, 7, 37, 127, 16, 8, 6, 0, 69, 74, 51, 2, 10, 26, 60, 58, 40, 51, 66, 73, 42, 56, 36, 49, 116, 124, 69, 12, 0, 10, 0, 3, 2, 32, 35, 32, 30, 32, 10, 36, 35, 114, 40, 118, 6, 11, 14, 26, 44, 35, 39, 16, 3, 4, 0, 8, 0, 7, 1, 11, 104, 0, 1, 1]"
generated,best_of_k,Rejection Sampling,5,Linear,"[128, 34, 26, 25, 33, 45, 57, 68, 75, 73, 73, 83, 92, 100, 103, 101, 120, 122, 116, 121, 127, 127, 123, 125, 125, 127, 123, 125, 127, 117, 125, 115, 112, 114, 105, 95, 91, 94, 76, 71, 74, 50, 61, 54, 52, 39, 36, 27, 31, 19, 23, 16, 7, 12, 8, 0, 12, 0, 6, 4, 0, 0, 1, 0, 8, 12, 8, 12, 23, 38, 31, 44, 38, 49, 56, 59, 64, 87, 67, 86, 88, 93, 98, 110, 110, 103, 115, 127, 127, 115, 125, 127, 127, 127, 126, 123, 121, 118, 120, 108, 108, 82, 86, 93, 84, 74, 65, 67, 56, 46, 29, 34, 36, 31, 21, 16, 21, 5, 0, 0, 0, 0, 8, 2, 3, 12, 0, 0]"
generated,bootstrap_smc,Bootstrap SMC,5,Linear,"[128, 34, 33, 45, 57, 62, 57, 75, 73, 82, 83, 92, 100, 99, 103, 101, 118, 120, 122, 116, 121, 127, 127, 123, 125, 123, 125, 125, 112, 114, 98, 105, 94, 90, 76, 71, 74, 50, 54, 52, 50, 39, 35, 27, 19, 23, 15, 16, 7, 29, 12, 8, 12, 4, 0, 1, 6, 0, 5, 2, 0, 8, 12, 13, 8, 23, 38, 31, 38, 50, 59, 59, 64, 87, 67, 88, 88, 93, 98, 110, 110, 103, 115, 116, 120, 127, 127, 125, 127, 127, 126, 117, 123, 114, 121, 109, 120, 108, 108, 96, 86, 93, 84, 74, 65, 56, 53, 50, 46, 29, 34, 36, 24, 21, 21, 4, 5, 0, 4, 0, 0, 0, 0, 3, 12, 0, 0, 0, 3, 8]"
generated,exact_guidance_u,Exact Guidance,5,Linear,"[128, 42, 34, 33, 47, 45, 60, 57, 86, 75, 73, 83, 92, 100, 103, 101, 120, 122, 116, 121, 124, 127, 127, 123, 125, 125, 127, 123, 125, 125, 112, 122, 114, 114, 105, 94, 76, 71, 74, 60, 59, 50, 54, 54, 52, 39, 27, 19, 19, 23, 16, 16, 7, 0, 12, 8, 12, 4, 0, 0, 1, 0, 8, 12, 11, 8, 23, 38, 32, 31, 38, 51, 59, 54, 64, 87, 67, 88, 93, 98, 100, 110, 110, 114, 116, 103, 115, 120, 127, 127, 125, 127, 127, 121, 126, 123, 121, 108, 120, 108, 108, 86, 93, 72, 84, 74, 65, 63, 48, 56, 46, 29, 34, 36, 21, 14, 21, 11, 5, 5, 4, 2, 0, 0, 0, 0, 3, 12, 5, 0, 0]"
generated,unguided,Unguided,10,Linear,"[128, 34, 33, 37, 45, 57, 67, 75, 73, 76, 83, 92, 94, 100, 103, 101, 120, 122, 127, 125, 122, 127, 116, 121, 127, 127, 127, 123, 125, 117, 127, 123, 125, 125, 124, 107, 112, 114, 95, 105, 94, 97, 76, 71, 74, 68, 50, 54, 52, 41, 34, 39, 27, 19, 23, 16, 7, 12, 8, 12, 4, 0, 0, 1, 0, 8, 12, 12, 2, 9, 8, 12, 16, 23, 38, 31, 38, 40, 56, 59, 64, 87, 67, 87, 88, 90, 93, 98, 110, 110, 103, 127, 114, 115, 127, 127, 125, 127, 127, 126, 123, 121, 115, 120, 120, 108, 100, 108, 86, 110, 93, 84, 74, 65, 56, 51, 46, 47, 29, 34, 36, 21, 23, 21, 5, 17, 0, 0, 21, 0, 4, 0, 0, 5, 3, 12, 0, 0]"
generated,best_of_k,Rejection Sampling,10,Linear,"[128, 34, 33, 45, 57, 58, 56, 75, 81, 73, 83, 92, 98, 100, 103, 113, 101, 120, 122, 116, 121, 127, 127, 123, 125, 127, 123, 125, 125, 112, 114, 107, 105, 94, 99, 89, 90, 63, 76, 71, 74, 59, 50, 54, 52, 39, 40, 27, 19, 23, 16, 7, 12, 8, 12, 4, 0, 1, 0, 9, 8, 8, 8, 5, 12, 8, 34, 23, 38, 31, 47, 38, 58, 58, 59, 64, 87, 67, 88, 93, 98, 110, 110, 103, 115, 127, 112, 127, 125, 119, 124, 127, 127, 126, 123, 121, 120, 108, 93, 108, 98, 86, 93, 84, 74, 65, 59, 56, 46, 45, 46, 29, 34, 36, 21, 21, 15, 5, 0, 5, 0, 0, 0, 0, 1, 3, 12, 0, 0, 24]"
generated,bootstrap_smc,Bootstrap SMC,10,Linear,"[128, 24, 34, 33, 35, 45, 57, 65, 75, 72, 74, 73, 83, 92, 98, 100, 103, 101, 120, 122, 116, 121, 119, 127, 127, 123, 125, 123, 125, 125, 112, 114, 112, 105, 101, 94, 89, 94, 76, 71, 79, 74, 58, 50, 54, 52, 39, 34, 27, 19, 15, 23, 16, 7, 12, 8, 12, 10, 4, 0, 14, 1, 0, 8, 12, 8, 13, 23, 38, 31, 38, 33, 48, 45, 59, 64, 87, 67, 88, 93, 98, 110, 110, 103, 115, 111, 127, 127, 125, 127, 127, 127, 126, 127, 123, 121, 120, 119, 108, 108, 86, 93, 84, 76, 74, 65, 56, 47, 46, 29, 34, 36, 34, 21, 21, 9, 5, 0, 0, 0, 0, 0, 3, 12, 0, 0, 0, 8, 10, 21, 30]"
generated,exact_guidance_u,Exact Guidance,10,Linear,"[128, 34, 33, 33, 57, 45, 57, 75, 73, 83, 92, 88, 100, 103, 101, 120, 122, 116, 125, 121, 119, 127, 127, 123, 127, 125, 123, 125, 125, 114, 112, 114, 114, 96, 105, 79, 93, 94, 76, 71, 74, 50, 54, 52, 39, 40, 27, 19, 23, 16, 20, 7, 12, 8, 12, 4, 1, 0, 2, 9, 1, 0, 8, 15, 12, 8, 23, 38, 31, 38, 39, 60, 52, 59, 64, 87, 67, 88, 97, 93, 98, 110, 110, 103, 116, 115, 114, 127, 127, 125, 127, 127, 126, 122, 123, 121, 120, 109, 108, 104, 108, 86, 93, 84, 74, 65, 67, 66, 56, 46, 29, 30, 34, 36, 21, 33, 18, 21, 5, 5, 0, 0, 0, 0, 1, 16, 3, 12, 4, 13, 0, 5, 0, 26, 19, 20, 27, 40, 4, 8, 93, 5, 7, 11, 19, 29, 45, 32, 46, 55, 106, 0, 67, 81, 104]"
