trial,method_key,method,beta,target,runtime,reward,logprob,edit_distance,normalized_edit_distance,generated_seq_len,x_final_tokens_json
0,unguided,Unguided,10,In-Distribution,1.959847651887685,1.1769136435798972e-07,-632.5283203125,85.0,0.33203125,74,"[51, 66, 80, 89, 104, 106, 121, 127, 127, 123, 122, 113, 108, 79, 75, 48, 46, 25, 15, 4, 0, 10, 4, 11, 21, 29, 46, 36, 76, 90, 96, 122, 127, 127, 127, 124, 125, 118, 99, 89, 76, 68, 54, 36, 25, 16, 3, 0, 0, 0, 17, 34, 35, 48, 66, 88, 97, 113, 121, 125, 125, 118, 127, 122, 112, 104, 81, 56, 51, 35, 41, 20, 13, 1]"
1,unguided,Unguided,10,In-Distribution,1.1444830778054893,1.4950404571956488e-07,-744.5224609375,90.0,0.3515625,86,"[106, 97, 73, 57, 54, 28, 27, 8, 5, 4, 7, 7, 12, 29, 46, 79, 83, 94, 110, 123, 126, 122, 122, 118, 116, 94, 96, 72, 48, 25, 18, 5, 0, 2, 0, 7, 9, 22, 46, 73, 77, 84, 109, 127, 127, 126, 127, 113, 115, 93, 92, 81, 47, 42, 21, 6, 6, 0, 0, 11, 12, 31, 53, 54, 89, 76, 99, 117, 117, 117, 126, 127, 118, 111, 96, 70, 64, 47, 34, 35, 11, 0, 0, 0, 9, 17]"
2,unguided,Unguided,10,In-Distribution,1.1939358050003648,3.345673600488766e-08,-905.38427734375,98.0,0.3828125,106,"[117, 127, 107, 116, 108, 100, 95, 67, 71, 56, 44, 30, 15, 9, 22, 0, 6, 0, 8, 2, 1, 3, 19, 27, 25, 57, 63, 68, 98, 97, 111, 109, 112, 118, 119, 127, 121, 127, 104, 114, 101, 103, 81, 74, 64, 49, 34, 34, 24, 22, 2, 0, 12, 0, 1, 0, 16, 12, 33, 37, 37, 57, 68, 80, 90, 105, 110, 107, 126, 122, 127, 127, 127, 123, 117, 121, 98, 87, 83, 68, 56, 42, 27, 23, 19, 12, 20, 5, 0, 0, 1, 9, 10, 18, 25, 37, 52, 68, 64, 88, 93, 107, 115, 123, 127, 127]"
3,unguided,Unguided,10,In-Distribution,1.1549048176966608,1.3337806797031443e-07,-640.2149658203125,85.0,0.33203125,75,"[16, 39, 38, 72, 76, 96, 99, 110, 127, 127, 127, 122, 125, 106, 94, 99, 73, 63, 43, 44, 14, 1, 9, 4, 0, 11, 14, 10, 27, 24, 56, 72, 87, 96, 101, 112, 126, 127, 127, 122, 109, 124, 109, 81, 74, 64, 55, 44, 21, 13, 15, 9, 2, 0, 0, 11, 32, 29, 39, 59, 72, 99, 117, 107, 124, 127, 127, 127, 124, 119, 114, 86, 84, 75, 61]"
4,unguided,Unguided,10,In-Distribution,1.8333691488951445,1.9895726555259395e-07,-719.2871704101562,88.0,0.34375,85,"[83, 73, 59, 29, 46, 8, 5, 14, 0, 0, 1, 5, 23, 27, 25, 53, 63, 94, 97, 119, 118, 127, 123, 127, 119, 120, 114, 100, 99, 81, 60, 51, 30, 27, 16, 4, 0, 0, 0, 0, 13, 29, 39, 55, 63, 83, 87, 107, 114, 126, 127, 127, 127, 114, 116, 104, 92, 79, 66, 52, 35, 21, 17, 0, 10, 0, 4, 5, 13, 26, 24, 34, 55, 67, 76, 108, 115, 123, 119, 127, 118, 127, 122, 120, 109]"
5,unguided,Unguided,10,In-Distribution,1.826471135020256,8.007260661012938e-08,-808.882080078125,95.0,0.37109375,93,"[126, 123, 127, 121, 118, 98, 102, 60, 62, 43, 42, 9, 9, 10, 5, 0, 2, 17, 30, 41, 47, 83, 87, 101, 117, 117, 127, 127, 127, 112, 118, 101, 86, 68, 56, 30, 31, 14, 7, 4, 0, 6, 14, 5, 22, 44, 58, 83, 91, 102, 104, 115, 127, 127, 123, 124, 106, 104, 81, 55, 50, 61, 22, 21, 1, 5, 1, 8, 7, 15, 20, 43, 59, 71, 88, 101, 109, 126, 126, 121, 120, 123, 95, 96, 86, 61, 54, 32, 39, 25, 0, 11, 4]"
6,unguided,Unguided,10,In-Distribution,1.5944670187309384,1.59243393052687e-07,-790.4749145507812,91.0,0.35546875,93,"[41, 51, 22, 15, 11, 7, 1, 4, 0, 7, 11, 18, 18, 46, 55, 62, 70, 74, 103, 113, 115, 110, 127, 127, 127, 117, 124, 110, 109, 87, 79, 69, 58, 41, 24, 26, 12, 11, 4, 1, 0, 0, 2, 5, 18, 25, 47, 61, 60, 81, 84, 100, 112, 123, 122, 127, 127, 123, 121, 123, 112, 100, 98, 86, 71, 45, 29, 47, 19, 14, 0, 0, 14, 0, 12, 2, 21, 29, 28, 38, 52, 60, 77, 83, 92, 108, 114, 124, 127, 114, 127, 122, 121]"
7,unguided,Unguided,10,In-Distribution,1.0943450070917606,6.071723644461315e-07,-780.8814697265625,83.0,0.32421875,91,"[95, 108, 123, 122, 127, 127, 127, 111, 109, 104, 94, 68, 65, 47, 25, 24, 15, 3, 0, 0, 18, 16, 24, 50, 56, 85, 83, 109, 115, 125, 127, 124, 127, 104, 105, 93, 89, 73, 53, 47, 15, 12, 8, 0, 0, 3, 0, 16, 30, 46, 52, 76, 97, 122, 116, 122, 127, 127, 126, 116, 107, 94, 85, 70, 49, 40, 20, 7, 16, 0, 11, 2, 8, 26, 40, 46, 74, 83, 94, 118, 104, 126, 116, 127, 122, 115, 97, 78, 76, 56, 35]"
8,unguided,Unguided,10,In-Distribution,1.0559620247222483,2.0657999284570582e-07,-707.029296875,87.0,0.33984375,83,"[12, 0, 4, 5, 8, 19, 18, 22, 41, 52, 70, 75, 102, 99, 125, 127, 121, 127, 124, 127, 105, 103, 75, 60, 54, 29, 31, 26, 17, 2, 0, 0, 11, 27, 24, 51, 58, 59, 88, 80, 97, 100, 124, 127, 127, 125, 127, 119, 107, 94, 85, 63, 43, 36, 23, 25, 6, 0, 7, 0, 3, 9, 26, 35, 61, 65, 68, 79, 97, 121, 127, 127, 127, 126, 124, 109, 103, 94, 79, 75, 48, 37, 22]"
9,unguided,Unguided,10,In-Distribution,1.073715534992516,3.118976273920101e-07,-801.7675170898438,87.0,0.33984375,92,"[37, 32, 3, 5, 0, 12, 12, 9, 19, 43, 47, 84, 81, 106, 115, 127, 127, 121, 127, 114, 107, 95, 76, 61, 48, 25, 16, 2, 0, 0, 6, 2, 22, 27, 51, 73, 87, 84, 117, 120, 106, 126, 121, 123, 115, 94, 81, 62, 34, 26, 17, 16, 5, 1, 3, 7, 21, 33, 62, 68, 95, 98, 101, 113, 120, 127, 126, 120, 106, 94, 85, 60, 34, 30, 26, 6, 9, 0, 15, 14, 22, 31, 41, 65, 91, 94, 107, 119, 127, 123, 127, 123]"
10,unguided,Unguided,10,In-Distribution,1.041434081736952,1.1429339317468146e-07,-702.1293334960938,90.0,0.3515625,82,"[16, 17, 19, 40, 71, 65, 78, 94, 105, 109, 115, 121, 127, 127, 109, 127, 127, 110, 97, 95, 84, 71, 54, 43, 25, 21, 9, 12, 0, 2, 0, 9, 12, 27, 31, 50, 61, 72, 87, 91, 104, 106, 125, 120, 127, 120, 122, 127, 108, 112, 91, 81, 74, 63, 40, 45, 22, 20, 1, 7, 0, 4, 4, 0, 13, 17, 32, 46, 54, 71, 83, 85, 114, 113, 113, 120, 127, 123, 124, 127, 104, 109]"
11,unguided,Unguided,10,In-Distribution,1.0750675280578434,3.118891402448597e-08,-900.0988159179688,98.0,0.3828125,107,"[127, 127, 116, 113, 92, 89, 81, 77, 62, 50, 43, 31, 12, 13, 0, 1, 4, 0, 1, 5, 17, 27, 26, 47, 67, 60, 90, 96, 98, 106, 123, 127, 127, 127, 127, 114, 112, 104, 94, 87, 69, 71, 48, 38, 24, 24, 9, 7, 0, 7, 5, 0, 4, 16, 14, 27, 57, 51, 80, 77, 93, 104, 115, 118, 124, 127, 120, 120, 126, 116, 106, 104, 100, 85, 61, 52, 37, 38, 29, 11, 0, 0, 0, 0, 5, 2, 12, 28, 40, 45, 51, 69, 87, 94, 93, 115, 109, 127, 127, 127, 127, 122, 110, 105, 94, 98, 82]"
12,unguided,Unguided,10,In-Distribution,1.046678048092872,1.7754044713394126e-07,-718.00439453125,89.0,0.34765625,86,"[45, 27, 15, 21, 0, 2, 0, 9, 9, 6, 21, 37, 42, 54, 62, 88, 94, 111, 106, 121, 127, 122, 123, 123, 115, 112, 105, 93, 81, 74, 51, 43, 34, 32, 12, 15, 1, 0, 0, 13, 10, 29, 29, 32, 57, 71, 87, 84, 106, 105, 115, 119, 122, 127, 127, 115, 116, 102, 94, 96, 68, 52, 47, 42, 19, 18, 12, 0, 4, 0, 0, 0, 11, 16, 27, 33, 54, 70, 84, 96, 109, 112, 114, 127, 127, 127]"
13,unguided,Unguided,10,In-Distribution,1.0082626482471824,4.896533097813399e-08,-565.3536987304688,83.0,0.32421875,66,"[0, 3, 0, 0, 6, 12, 31, 45, 47, 78, 90, 108, 121, 122, 115, 127, 123, 118, 101, 96, 78, 59, 46, 29, 23, 8, 0, 10, 10, 13, 29, 25, 49, 73, 65, 87, 107, 125, 127, 126, 120, 125, 116, 97, 96, 65, 56, 54, 29, 15, 11, 0, 0, 0, 19, 26, 43, 45, 68, 70, 93, 113, 109, 127, 126, 127]"
14,unguided,Unguided,10,In-Distribution,1.4132149792276323,6.640683690601952e-08,-847.572998046875,96.0,0.375,98,"[69, 67, 53, 50, 26, 27, 27, 15, 9, 7, 6, 6, 9, 7, 5, 12, 18, 25, 33, 47, 43, 46, 45, 87, 87, 92, 98, 106, 112, 117, 127, 127, 127, 127, 127, 124, 117, 110, 107, 87, 86, 91, 54, 69, 62, 44, 23, 25, 0, 20, 5, 2, 2, 0, 1, 0, 0, 1, 25, 18, 27, 32, 56, 56, 71, 72, 87, 102, 107, 103, 112, 115, 117, 127, 126, 127, 127, 124, 124, 122, 112, 104, 106, 90, 78, 63, 62, 58, 46, 32, 22, 23, 12, 3, 6, 0, 2, 2]"
15,unguided,Unguided,10,In-Distribution,1.7088080840185285,2.34057226144996e-07,-639.5687866210938,81.0,0.31640625,74,"[31, 34, 62, 81, 93, 102, 122, 121, 127, 117, 112, 96, 76, 65, 44, 18, 20, 4, 1, 8, 12, 26, 39, 60, 71, 101, 93, 126, 127, 127, 120, 110, 106, 95, 76, 47, 42, 26, 11, 0, 0, 13, 23, 25, 42, 67, 78, 107, 113, 122, 127, 121, 117, 116, 85, 72, 44, 18, 38, 5, 0, 0, 7, 15, 18, 44, 58, 68, 96, 120, 111, 124, 108, 117]"
16,unguided,Unguided,10,In-Distribution,1.7533614612184465,5.592016321440947e-08,-838.792724609375,97.0,0.37890625,98,"[8, 6, 0, 0, 3, 4, 2, 2, 25, 36, 29, 48, 66, 86, 104, 88, 104, 120, 123, 127, 122, 127, 126, 127, 122, 117, 101, 96, 81, 69, 63, 54, 37, 24, 8, 13, 3, 0, 0, 6, 16, 18, 15, 25, 42, 46, 58, 76, 80, 86, 103, 116, 124, 117, 125, 127, 117, 124, 127, 108, 111, 99, 88, 74, 50, 67, 41, 34, 9, 23, 12, 0, 10, 0, 7, 4, 12, 20, 29, 39, 46, 61, 77, 75, 82, 97, 107, 117, 112, 127, 127, 127, 125, 108, 109, 90, 91, 86]"
17,unguided,Unguided,10,In-Distribution,1.4015547498129308,6.42050198654936e-09,-960.351806640625,104.0,0.40625,113,"[98, 92, 75, 75, 68, 60, 49, 35, 40, 19, 10, 7, 12, 0, 0, 2, 9, 3, 17, 15, 24, 24, 22, 49, 48, 62, 77, 90, 90, 80, 100, 107, 127, 110, 127, 127, 122, 127, 127, 115, 112, 107, 108, 94, 89, 85, 65, 56, 58, 46, 28, 33, 13, 12, 7, 0, 0, 4, 2, 0, 5, 0, 16, 22, 28, 30, 52, 58, 72, 81, 97, 100, 109, 127, 114, 116, 127, 127, 124, 127, 117, 127, 122, 118, 106, 90, 96, 79, 73, 61, 45, 33, 34, 27, 12, 24, 1, 12, 0, 1, 0, 2, 7, 8, 26, 19, 41, 35, 53, 62, 70, 85, 86]"
18,unguided,Unguided,10,In-Distribution,1.1007592221722007,1.444274861575485e-07,-759.6739501953125,91.0,0.35546875,89,"[45, 69, 68, 75, 96, 92, 121, 113, 112, 126, 120, 117, 115, 127, 117, 112, 110, 95, 78, 80, 49, 47, 40, 35, 16, 10, 0, 0, 5, 0, 4, 6, 18, 18, 22, 32, 54, 64, 67, 90, 97, 103, 120, 120, 127, 127, 118, 122, 127, 120, 109, 100, 102, 80, 67, 47, 52, 35, 34, 6, 12, 13, 0, 0, 0, 3, 0, 23, 26, 30, 37, 51, 55, 70, 79, 96, 93, 98, 124, 125, 127, 119, 126, 116, 127, 117, 112, 87, 83]"
19,unguided,Unguided,10,In-Distribution,1.0776594472117722,1.0684572313319841e-07,-599.7288818359375,84.0,0.328125,72,"[108, 102, 90, 80, 66, 52, 53, 37, 19, 14, 0, 0, 0, 2, 16, 20, 40, 56, 69, 78, 93, 99, 116, 116, 127, 127, 127, 110, 108, 102, 98, 87, 71, 55, 47, 26, 28, 10, 13, 0, 2, 0, 0, 7, 28, 37, 48, 52, 72, 78, 97, 100, 104, 127, 124, 127, 124, 122, 111, 97, 87, 84, 72, 48, 40, 27, 11, 10, 0, 0, 12, 0]"
0,best_of_k,Best-of-K,10,In-Distribution,10.903439219109714,2.6992489850840993e-07,-683.4097290039062,85.0,0.33203125,82,"[27, 23, 4, 0, 5, 3, 7, 6, 15, 22, 38, 49, 73, 86, 91, 98, 114, 117, 127, 127, 127, 117, 120, 96, 88, 70, 62, 44, 39, 25, 15, 0, 0, 8, 4, 3, 16, 19, 38, 42, 70, 77, 82, 103, 127, 127, 127, 127, 123, 127, 113, 107, 100, 80, 55, 41, 18, 25, 12, 18, 0, 0, 6, 1, 16, 37, 35, 57, 57, 75, 93, 108, 115, 127, 126, 127, 118, 122, 118, 105, 97, 89]"
1,best_of_k,Best-of-K,10,In-Distribution,10.629993750248104,6.298198371415747e-07,-786.6611328125,83.0,0.32421875,93,"[31, 23, 19, 10, 7, 0, 0, 15, 27, 34, 61, 84, 84, 92, 102, 125, 127, 117, 122, 120, 113, 96, 81, 69, 51, 28, 8, 12, 0, 3, 1, 0, 23, 30, 36, 58, 71, 96, 111, 125, 123, 127, 127, 125, 114, 101, 86, 75, 51, 44, 24, 11, 1, 0, 1, 0, 16, 16, 32, 53, 78, 87, 102, 100, 113, 127, 127, 127, 119, 102, 105, 94, 60, 66, 44, 36, 13, 0, 0, 0, 6, 13, 30, 33, 47, 77, 96, 103, 120, 127, 127, 124, 117]"
2,best_of_k,Best-of-K,10,In-Distribution,10.787314692046493,4.810169726685462e-07,-751.18017578125,84.0,0.328125,89,"[28, 18, 0, 8, 0, 0, 11, 21, 35, 64, 67, 85, 104, 106, 117, 115, 127, 127, 112, 108, 102, 75, 69, 38, 19, 22, 9, 0, 2, 13, 6, 28, 35, 54, 71, 95, 99, 117, 127, 127, 127, 126, 109, 100, 92, 69, 57, 40, 31, 6, 9, 14, 1, 6, 8, 20, 40, 63, 82, 91, 99, 114, 118, 127, 125, 121, 123, 104, 91, 78, 61, 22, 20, 19, 20, 0, 0, 0, 17, 18, 44, 48, 67, 87, 109, 111, 127, 127, 127]"
3,best_of_k,Best-of-K,10,In-Distribution,11.816234396770597,2.216009277881316e-07,-711.2951049804688,87.0,0.33984375,84,"[73, 64, 47, 28, 25, 8, 9, 4, 0, 6, 15, 21, 27, 34, 55, 59, 83, 87, 94, 113, 118, 127, 127, 127, 120, 122, 108, 99, 82, 75, 58, 47, 28, 25, 14, 0, 5, 5, 13, 18, 12, 26, 44, 65, 75, 76, 93, 109, 111, 127, 127, 127, 114, 126, 109, 102, 92, 83, 60, 51, 42, 23, 16, 7, 7, 0, 0, 8, 18, 26, 36, 47, 61, 77, 90, 92, 115, 121, 127, 126, 125, 112, 106, 101]"
4,best_of_k,Best-of-K,10,In-Distribution,10.528197005391121,2.3246268188750978e-07,-735.313720703125,88.0,0.34375,88,"[119, 127, 127, 119, 116, 110, 105, 87, 77, 60, 47, 53, 24, 18, 14, 11, 0, 0, 5, 1, 21, 21, 30, 50, 52, 78, 82, 100, 97, 118, 112, 118, 121, 127, 122, 121, 115, 95, 103, 70, 69, 54, 58, 34, 25, 11, 0, 5, 0, 0, 3, 10, 21, 32, 32, 58, 71, 88, 82, 95, 111, 123, 125, 127, 127, 127, 117, 120, 110, 100, 93, 78, 66, 47, 38, 19, 11, 10, 8, 4, 0, 0, 0, 16, 16, 38, 51, 66]"
5,best_of_k,Best-of-K,10,In-Distribution,10.378957712091506,2.2116853587123042e-07,-773.6838989257812,89.0,0.34765625,92,"[57, 78, 71, 97, 103, 122, 118, 120, 121, 127, 125, 115, 115, 103, 94, 81, 76, 47, 47, 31, 23, 21, 12, 1, 0, 5, 0, 3, 21, 20, 29, 51, 52, 69, 70, 91, 97, 106, 117, 127, 127, 127, 127, 127, 119, 119, 103, 91, 80, 66, 53, 39, 23, 26, 15, 6, 0, 1, 0, 7, 15, 8, 17, 20, 36, 60, 66, 77, 78, 105, 118, 118, 111, 121, 126, 124, 127, 126, 112, 103, 90, 80, 78, 60, 42, 26, 24, 15, 0, 20, 0, 13]"
6,best_of_k,Best-of-K,10,In-Distribution,10.34129124879837,3.7608260209920194e-07,-837.7054443359375,86.0,0.3359375,97,"[24, 29, 43, 54, 82, 88, 90, 117, 115, 127, 127, 124, 127, 120, 114, 107, 94, 66, 55, 50, 21, 7, 34, 8, 3, 0, 14, 5, 17, 17, 27, 37, 53, 63, 82, 81, 102, 114, 120, 112, 127, 127, 126, 110, 108, 111, 90, 65, 73, 64, 37, 28, 28, 15, 0, 3, 1, 0, 10, 24, 21, 48, 46, 56, 68, 79, 98, 110, 121, 114, 127, 124, 127, 120, 127, 102, 88, 79, 72, 54, 53, 44, 26, 12, 2, 6, 5, 5, 2, 12, 27, 30, 47, 52, 63, 89, 100]"
7,best_of_k,Best-of-K,10,In-Distribution,10.360712239984423,2.1083449760045416e-07,-752.5430908203125,88.0,0.34375,86,"[80, 81, 105, 106, 114, 122, 120, 115, 109, 124, 123, 111, 90, 72, 71, 45, 46, 37, 28, 5, 15, 0, 0, 14, 13, 14, 38, 41, 45, 78, 78, 81, 90, 110, 125, 127, 127, 127, 127, 124, 116, 92, 82, 68, 66, 43, 32, 31, 14, 9, 0, 1, 0, 10, 11, 10, 31, 41, 42, 52, 68, 85, 106, 107, 114, 124, 127, 125, 127, 127, 115, 115, 99, 76, 71, 64, 63, 42, 21, 3, 0, 13, 14, 20, 13, 17]"
8,best_of_k,Best-of-K,10,In-Distribution,10.45775385061279,1.9973596227302705e-07,-650.7681884765625,84.0,0.328125,77,"[37, 62, 64, 83, 93, 95, 111, 121, 127, 123, 127, 127, 127, 117, 111, 101, 87, 71, 67, 55, 41, 25, 18, 4, 6, 0, 0, 0, 0, 6, 14, 14, 40, 38, 64, 59, 82, 96, 97, 108, 127, 127, 121, 127, 127, 115, 111, 108, 103, 81, 79, 49, 53, 35, 27, 16, 16, 0, 19, 1, 0, 0, 18, 18, 9, 37, 47, 58, 57, 78, 85, 93, 109, 117, 118, 121, 118]"
9,best_of_k,Best-of-K,10,In-Distribution,12.08787262905389,5.373342439719519e-07,-660.5025024414062,80.0,0.3125,80,"[29, 33, 50, 75, 97, 113, 119, 127, 127, 123, 123, 108, 88, 84, 55, 27, 11, 0, 0, 0, 3, 15, 37, 52, 64, 88, 103, 118, 109, 127, 119, 121, 108, 86, 78, 61, 38, 27, 0, 2, 0, 8, 8, 25, 50, 71, 75, 105, 109, 127, 127, 127, 127, 117, 93, 78, 55, 50, 34, 15, 7, 0, 0, 0, 17, 36, 50, 66, 82, 108, 119, 118, 127, 127, 118, 107, 84, 56, 52, 25]"
10,best_of_k,Best-of-K,10,In-Distribution,10.752560336142778,4.810169726685462e-07,-775.0870361328125,84.0,0.328125,89,"[67, 76, 70, 107, 123, 121, 127, 118, 127, 122, 124, 117, 104, 86, 61, 47, 36, 20, 18, 3, 0, 1, 1, 6, 8, 26, 28, 43, 65, 67, 93, 92, 117, 118, 121, 127, 118, 116, 113, 100, 92, 89, 72, 55, 49, 19, 12, 5, 6, 3, 1, 13, 7, 24, 41, 65, 74, 65, 96, 90, 111, 112, 127, 117, 121, 124, 124, 100, 101, 81, 69, 48, 45, 30, 20, 15, 0, 9, 3, 0, 16, 20, 30, 44, 58, 60, 75, 82, 102]"
11,best_of_k,Best-of-K,10,In-Distribution,10.470442771911621,7.366036923073163e-07,-828.3013916015625,82.0,0.3203125,98,"[0, 0, 0, 0, 21, 22, 28, 52, 69, 97, 103, 116, 111, 127, 127, 127, 111, 116, 110, 97, 91, 71, 53, 44, 27, 18, 7, 6, 4, 2, 0, 25, 21, 43, 54, 80, 82, 103, 114, 123, 123, 126, 116, 127, 107, 108, 83, 80, 56, 55, 32, 14, 7, 0, 0, 2, 4, 12, 37, 28, 39, 51, 73, 85, 108, 121, 122, 127, 124, 127, 121, 117, 101, 104, 72, 58, 36, 20, 15, 1, 3, 0, 0, 1, 20, 33, 45, 60, 83, 74, 98, 111, 121, 125, 122, 127, 117, 112]"
12,best_of_k,Best-of-K,10,In-Distribution,11.877683445811272,4.1083337223829693e-07,-684.9248046875,83.0,0.32421875,83,"[65, 82, 103, 117, 110, 127, 127, 127, 117, 116, 97, 82, 70, 60, 41, 34, 20, 14, 0, 0, 0, 10, 24, 31, 41, 54, 71, 78, 92, 102, 112, 127, 127, 127, 127, 117, 107, 99, 81, 64, 52, 34, 25, 12, 6, 6, 3, 0, 5, 18, 30, 37, 57, 65, 86, 116, 123, 127, 127, 127, 127, 127, 115, 94, 95, 84, 54, 52, 29, 37, 12, 13, 7, 0, 6, 11, 12, 38, 46, 61, 76, 92, 112]"
13,best_of_k,Best-of-K,10,In-Distribution,11.37135451612994,2.3246268188750978e-07,-752.2232666015625,88.0,0.34375,88,"[113, 108, 98, 88, 90, 63, 55, 40, 23, 17, 17, 24, 4, 0, 0, 8, 9, 8, 19, 46, 44, 57, 73, 93, 94, 107, 118, 120, 127, 127, 127, 119, 119, 107, 112, 92, 76, 64, 55, 55, 32, 12, 19, 11, 0, 0, 0, 3, 20, 19, 31, 39, 46, 60, 73, 84, 94, 94, 112, 120, 124, 123, 127, 123, 118, 111, 94, 80, 65, 76, 61, 47, 26, 20, 16, 13, 4, 0, 15, 0, 2, 22, 13, 36, 47, 59, 79, 88]"
14,best_of_k,Best-of-K,10,In-Distribution,13.246852092910558,7.479295624526908e-07,-782.39794921875,82.0,0.3203125,93,"[99, 123, 125, 127, 114, 127, 113, 110, 107, 99, 78, 62, 43, 26, 27, 19, 14, 0, 3, 0, 0, 0, 23, 32, 44, 58, 73, 75, 100, 109, 119, 125, 127, 125, 127, 127, 118, 101, 85, 69, 50, 53, 31, 9, 17, 0, 8, 3, 1, 12, 27, 30, 48, 48, 64, 72, 90, 104, 117, 114, 127, 127, 123, 117, 108, 101, 96, 81, 58, 53, 46, 31, 15, 14, 0, 0, 4, 0, 0, 17, 22, 47, 48, 65, 76, 102, 105, 114, 117, 127, 119, 127, 122]"
15,best_of_k,Best-of-K,10,In-Distribution,11.898225833196193,2.6913526016889074e-07,-812.9810180664062,88.0,0.34375,96,"[84, 73, 61, 37, 29, 10, 1, 0, 12, 12, 16, 23, 39, 57, 82, 83, 90, 122, 107, 127, 120, 127, 125, 110, 88, 83, 63, 42, 37, 20, 10, 0, 0, 0, 5, 4, 29, 38, 63, 72, 81, 97, 127, 127, 127, 127, 115, 125, 111, 89, 66, 59, 36, 16, 23, 5, 8, 0, 20, 19, 14, 45, 49, 68, 78, 98, 112, 114, 116, 127, 127, 127, 124, 90, 81, 75, 53, 44, 25, 18, 8, 0, 3, 1, 14, 21, 33, 57, 68, 82, 99, 115, 127, 127, 126, 127]"
16,best_of_k,Best-of-K,10,In-Distribution,12.15520598506555,3.7608260209920194e-07,-820.7611694335938,86.0,0.3359375,97,"[5, 0, 3, 18, 26, 41, 46, 67, 90, 92, 108, 105, 121, 121, 122, 127, 117, 123, 93, 87, 76, 61, 48, 37, 21, 8, 6, 2, 0, 4, 12, 20, 25, 44, 52, 75, 88, 100, 108, 109, 121, 127, 127, 116, 123, 114, 94, 85, 73, 49, 44, 18, 17, 14, 2, 2, 0, 8, 3, 32, 34, 29, 52, 73, 91, 103, 116, 112, 118, 127, 127, 119, 103, 101, 84, 84, 63, 59, 22, 28, 5, 14, 0, 5, 0, 0, 18, 27, 32, 47, 64, 75, 101, 102, 119, 127, 127]"
17,best_of_k,Best-of-K,10,In-Distribution,13.594764919951558,8.330526884723094e-07,-754.2222900390625,81.0,0.31640625,90,"[8, 27, 39, 41, 56, 69, 92, 103, 103, 113, 126, 127, 127, 127, 114, 92, 87, 68, 57, 30, 36, 12, 8, 0, 0, 2, 9, 19, 38, 58, 54, 72, 97, 101, 116, 120, 127, 126, 121, 110, 98, 92, 75, 75, 47, 33, 29, 10, 0, 6, 0, 11, 17, 16, 40, 44, 57, 83, 100, 113, 127, 121, 127, 127, 125, 114, 102, 93, 76, 63, 44, 43, 19, 11, 11, 15, 6, 4, 11, 17, 35, 43, 64, 78, 100, 100, 112, 110, 127, 127]"
18,best_of_k,Best-of-K,10,In-Distribution,11.97685973579064,1.628054197647156e-06,-665.602783203125,73.0,0.28515625,79,"[104, 112, 118, 127, 127, 121, 115, 105, 98, 70, 62, 56, 36, 9, 9, 7, 0, 0, 13, 23, 35, 50, 63, 78, 78, 105, 117, 127, 127, 127, 127, 109, 85, 88, 71, 53, 50, 34, 21, 4, 0, 4, 0, 25, 24, 49, 35, 77, 74, 104, 120, 127, 120, 127, 127, 123, 109, 95, 88, 71, 57, 38, 24, 14, 11, 0, 0, 9, 11, 24, 41, 60, 65, 79, 117, 116, 118, 127, 127]"
19,best_of_k,Best-of-K,10,In-Distribution,11.429298053029925,7.021860898363624e-07,-735.000732421875,81.0,0.31640625,86,"[70, 81, 90, 99, 118, 127, 127, 121, 113, 110, 105, 100, 81, 73, 51, 56, 32, 19, 12, 0, 3, 3, 8, 27, 29, 33, 72, 76, 91, 99, 112, 127, 123, 127, 126, 108, 104, 108, 85, 68, 63, 42, 27, 5, 5, 10, 14, 6, 13, 27, 27, 47, 55, 78, 95, 110, 116, 127, 126, 127, 125, 124, 104, 97, 83, 64, 53, 45, 24, 23, 12, 6, 0, 0, 6, 15, 36, 52, 69, 82, 90, 104, 127, 127, 123, 127]"
0,bootstrap_smc,Bootstrap SMC,10,In-Distribution,153.10687601100653,2.0367539832477632e-07,-753.4631958007812,89.0,0.34765625,89,"[84, 69, 66, 37, 31, 16, 10, 9, 0, 6, 0, 0, 16, 26, 29, 48, 62, 78, 72, 94, 96, 112, 124, 120, 127, 127, 127, 117, 116, 97, 87, 70, 75, 55, 50, 26, 26, 7, 3, 4, 0, 1, 8, 20, 19, 36, 46, 39, 77, 73, 88, 104, 106, 122, 127, 117, 124, 120, 103, 107, 109, 97, 76, 74, 59, 45, 18, 21, 15, 1, 1, 7, 0, 0, 18, 26, 37, 49, 56, 80, 93, 101, 104, 115, 119, 127, 127, 126, 127]"
1,bootstrap_smc,Bootstrap SMC,10,In-Distribution,164.01203947002068,1.2248094094502449e-08,-946.677978515625,102.0,0.3984375,110,"[117, 96, 84, 76, 58, 54, 61, 40, 19, 21, 9, 10, 2, 13, 0, 21, 11, 5, 10, 24, 32, 56, 54, 64, 78, 77, 96, 106, 114, 119, 127, 127, 127, 127, 127, 124, 114, 110, 109, 83, 77, 56, 51, 50, 38, 24, 14, 0, 13, 2, 3, 0, 2, 7, 8, 20, 27, 36, 46, 55, 76, 74, 95, 94, 107, 123, 124, 118, 126, 119, 125, 120, 112, 110, 107, 92, 99, 67, 56, 49, 36, 25, 20, 15, 16, 8, 0, 0, 7, 10, 6, 18, 12, 34, 43, 47, 65, 70, 81, 92, 102, 109, 120, 127, 125, 121, 126, 121, 121, 110]"
2,bootstrap_smc,Bootstrap SMC,10,In-Distribution,151.34840751904994,1.1142794420493374e-07,-712.9830322265625,91.0,0.35546875,84,"[0, 5, 5, 9, 18, 25, 41, 57, 63, 82, 73, 100, 111, 122, 127, 127, 127, 123, 122, 116, 107, 96, 87, 70, 53, 34, 24, 10, 1, 0, 0, 4, 6, 14, 16, 28, 31, 56, 61, 71, 95, 90, 109, 122, 121, 127, 127, 120, 116, 108, 96, 96, 70, 64, 51, 41, 28, 22, 6, 0, 0, 1, 11, 2, 15, 19, 42, 43, 63, 68, 99, 100, 100, 122, 123, 125, 127, 113, 126, 108, 103, 93, 69, 61]"
3,bootstrap_smc,Bootstrap SMC,10,In-Distribution,148.21881020767614,1.0043354592426113e-07,-656.860595703125,88.0,0.34375,77,"[121, 100, 99, 85, 70, 47, 38, 36, 19, 14, 0, 0, 6, 8, 3, 3, 21, 35, 45, 43, 64, 78, 88, 99, 119, 118, 111, 127, 115, 124, 124, 121, 111, 97, 84, 70, 65, 55, 34, 15, 23, 14, 0, 0, 2, 10, 2, 16, 23, 33, 48, 57, 78, 81, 85, 110, 119, 127, 127, 127, 117, 126, 127, 112, 104, 94, 78, 77, 54, 45, 32, 9, 14, 6, 0, 0, 0]"
4,bootstrap_smc,Bootstrap SMC,10,In-Distribution,156.42529526678845,3.567107142998793e-08,-903.5122680664062,98.0,0.3828125,105,"[9, 7, 14, 7, 0, 0, 6, 16, 24, 18, 38, 42, 43, 65, 72, 84, 80, 92, 99, 111, 127, 121, 127, 127, 127, 127, 116, 127, 120, 111, 102, 95, 84, 74, 56, 65, 35, 27, 23, 16, 17, 11, 19, 0, 6, 0, 0, 5, 2, 2, 22, 9, 37, 43, 41, 65, 72, 84, 89, 82, 103, 117, 127, 119, 119, 120, 127, 124, 127, 127, 108, 113, 90, 101, 86, 86, 76, 52, 43, 32, 31, 17, 10, 11, 6, 20, 4, 0, 6, 0, 18, 14, 11, 24, 42, 44, 43, 52, 64, 82, 93, 85, 109, 126, 119]"
5,bootstrap_smc,Bootstrap SMC,10,In-Distribution,154.3446596916765,1.099283011285479e-07,-594.3695678710938,83.0,0.32421875,71,"[80, 80, 69, 40, 22, 11, 1, 7, 0, 8, 12, 27, 37, 54, 66, 83, 91, 102, 127, 127, 125, 127, 127, 111, 111, 87, 71, 49, 30, 23, 7, 2, 0, 8, 2, 12, 26, 41, 61, 79, 92, 102, 119, 113, 127, 127, 111, 117, 107, 94, 77, 64, 43, 37, 27, 8, 8, 11, 12, 0, 27, 37, 45, 61, 81, 104, 107, 115, 127, 127, 127]"
6,bootstrap_smc,Bootstrap SMC,10,In-Distribution,145.23130792099983,2.2116853415354853e-07,-785.3365478515625,89.0,0.34765625,92,"[113, 127, 127, 127, 102, 97, 87, 76, 54, 62, 27, 17, 13, 0, 0, 2, 6, 15, 31, 28, 67, 59, 81, 94, 118, 112, 124, 127, 127, 121, 121, 106, 89, 69, 59, 55, 25, 18, 13, 0, 6, 11, 8, 21, 24, 49, 60, 64, 83, 101, 124, 123, 122, 127, 127, 122, 105, 100, 98, 86, 61, 40, 24, 7, 6, 3, 0, 0, 12, 15, 40, 50, 59, 74, 84, 109, 121, 125, 127, 126, 117, 125, 112, 92, 73, 68, 59, 37, 31, 13, 8, 4]"
7,bootstrap_smc,Bootstrap SMC,10,In-Distribution,156.81932621216401,3.8070157870606636e-07,-832.9016723632812,86.0,0.3359375,95,"[18, 27, 63, 71, 77, 92, 111, 101, 126, 127, 124, 127, 107, 108, 94, 77, 75, 43, 36, 7, 14, 2, 2, 0, 3, 12, 24, 28, 48, 59, 75, 99, 100, 119, 120, 123, 119, 124, 117, 102, 92, 89, 66, 47, 29, 20, 14, 14, 9, 0, 10, 13, 24, 40, 71, 56, 79, 110, 110, 119, 123, 127, 126, 125, 113, 104, 88, 71, 68, 50, 24, 5, 0, 5, 14, 8, 8, 21, 38, 47, 67, 82, 81, 104, 120, 124, 127, 127, 123, 114, 97, 99, 82, 65, 48]"
8,bootstrap_smc,Bootstrap SMC,10,In-Distribution,162.0291642951779,8.424380837368517e-08,-720.8123168945312,93.0,0.36328125,85,"[1, 0, 0, 6, 16, 17, 31, 41, 63, 59, 96, 95, 110, 113, 114, 122, 127, 126, 123, 111, 107, 101, 95, 71, 59, 46, 31, 25, 16, 14, 9, 0, 0, 8, 16, 6, 23, 33, 51, 66, 75, 79, 90, 107, 111, 118, 117, 127, 127, 120, 121, 116, 108, 78, 82, 59, 52, 30, 22, 23, 18, 9, 0, 2, 2, 8, 9, 13, 31, 40, 56, 77, 73, 83, 105, 113, 115, 127, 127, 115, 122, 112, 121, 96, 91]"
9,bootstrap_smc,Bootstrap SMC,10,In-Distribution,141.92825932707638,1.2499157264755922e-07,-711.8104858398438,89.0,0.34765625,81,"[70, 67, 38, 33, 13, 3, 0, 1, 3, 7, 20, 15, 36, 43, 61, 86, 82, 111, 118, 118, 113, 127, 124, 119, 102, 104, 90, 79, 72, 53, 35, 23, 8, 18, 7, 0, 3, 1, 13, 22, 23, 41, 76, 81, 81, 101, 120, 121, 126, 124, 127, 110, 103, 102, 85, 60, 59, 41, 35, 14, 25, 21, 0, 6, 6, 16, 22, 31, 35, 58, 71, 92, 100, 115, 119, 123, 127, 120, 126, 126, 106]"
10,bootstrap_smc,Bootstrap SMC,10,In-Distribution,149.4252548897639,8.080905899987556e-08,-798.958251953125,95.0,0.37109375,94,"[8, 0, 2, 15, 13, 23, 30, 52, 48, 72, 78, 92, 97, 115, 117, 122, 127, 125, 127, 127, 127, 113, 111, 98, 95, 84, 63, 46, 40, 38, 21, 16, 10, 13, 6, 0, 3, 10, 21, 20, 25, 24, 37, 45, 52, 79, 85, 96, 104, 101, 123, 120, 118, 120, 123, 127, 127, 115, 104, 92, 90, 82, 63, 49, 46, 27, 16, 0, 18, 2, 8, 0, 3, 0, 12, 11, 17, 37, 35, 51, 70, 78, 96, 115, 108, 122, 110, 120, 127, 124, 127, 119, 109, 115]"
11,bootstrap_smc,Bootstrap SMC,10,In-Distribution,152.64725240087137,1.1292047474853462e-07,-839.0640869140625,93.0,0.36328125,97,"[53, 37, 12, 4, 7, 8, 5, 1, 13, 15, 23, 33, 56, 57, 60, 81, 89, 93, 118, 114, 119, 127, 127, 127, 111, 109, 97, 91, 76, 52, 46, 42, 24, 3, 1, 12, 14, 3, 10, 23, 26, 26, 41, 61, 54, 87, 101, 116, 121, 127, 127, 127, 127, 124, 122, 100, 100, 66, 75, 54, 43, 35, 8, 20, 0, 0, 1, 17, 10, 11, 31, 41, 49, 60, 85, 86, 102, 117, 113, 127, 127, 127, 127, 127, 107, 102, 88, 83, 72, 54, 41, 28, 30, 8, 6, 0, 11]"
12,bootstrap_smc,Bootstrap SMC,10,In-Distribution,147.99984535202384,1.4442748863530142e-07,-755.12548828125,91.0,0.35546875,89,"[6, 16, 9, 5, 0, 0, 9, 24, 25, 29, 49, 60, 75, 82, 97, 105, 114, 114, 127, 127, 127, 127, 125, 108, 113, 94, 77, 81, 54, 43, 36, 29, 19, 7, 1, 1, 2, 4, 18, 12, 22, 30, 36, 53, 72, 78, 84, 104, 112, 124, 119, 127, 124, 127, 123, 119, 103, 89, 96, 75, 60, 55, 51, 44, 15, 14, 9, 0, 2, 6, 11, 26, 28, 36, 39, 61, 70, 88, 96, 113, 118, 123, 123, 125, 127, 127, 117, 115, 97]"
13,bootstrap_smc,Bootstrap SMC,10,In-Distribution,147.0406657489948,3.956737657517806e-07,-735.55322265625,84.0,0.328125,85,"[52, 82, 82, 99, 118, 114, 124, 122, 122, 126, 103, 104, 82, 66, 49, 47, 26, 0, 4, 0, 3, 2, 7, 16, 39, 52, 63, 83, 85, 119, 127, 127, 125, 127, 127, 109, 102, 91, 76, 73, 46, 42, 15, 0, 0, 11, 0, 1, 7, 25, 49, 61, 74, 83, 112, 95, 114, 122, 127, 127, 120, 112, 105, 80, 69, 59, 31, 23, 15, 8, 7, 6, 20, 6, 34, 27, 49, 64, 67, 85, 109, 112, 118, 127, 127]"
14,bootstrap_smc,Bootstrap SMC,10,In-Distribution,144.3510186211206,1.1425154866628873e-07,-581.3089599609375,81.0,0.31640625,69,"[0, 11, 6, 26, 40, 66, 88, 103, 115, 122, 127, 127, 100, 97, 73, 48, 38, 12, 8, 3, 0, 0, 21, 35, 56, 73, 87, 114, 123, 127, 127, 122, 115, 89, 83, 54, 35, 21, 0, 0, 0, 3, 12, 36, 54, 80, 89, 98, 114, 112, 127, 127, 106, 86, 73, 35, 37, 22, 2, 0, 0, 11, 17, 49, 66, 92, 106, 120, 125]"
15,bootstrap_smc,Bootstrap SMC,10,In-Distribution,154.10807862784714,1.5713858658727986e-07,-716.2965087890625,89.0,0.34765625,84,"[127, 127, 127, 127, 124, 109, 94, 88, 79, 63, 36, 39, 13, 18, 8, 0, 0, 13, 8, 28, 27, 38, 55, 74, 76, 93, 111, 118, 124, 119, 117, 122, 127, 108, 104, 98, 78, 62, 46, 38, 23, 1, 8, 0, 0, 4, 0, 6, 29, 34, 33, 60, 80, 94, 107, 111, 110, 125, 127, 117, 127, 114, 104, 103, 95, 73, 55, 35, 35, 13, 18, 1, 1, 4, 6, 10, 15, 35, 51, 68, 89, 92, 115, 120]"
16,bootstrap_smc,Bootstrap SMC,10,In-Distribution,157.80126420082524,4.48454393620068e-08,-864.2769775390625,98.0,0.3828125,100,"[19, 14, 20, 21, 0, 5, 0, 24, 19, 31, 41, 36, 54, 74, 83, 93, 107, 103, 122, 127, 122, 127, 125, 122, 112, 104, 97, 79, 78, 55, 45, 44, 17, 25, 18, 0, 0, 8, 9, 21, 28, 25, 16, 45, 59, 86, 86, 90, 110, 107, 124, 125, 127, 127, 127, 118, 108, 118, 92, 76, 80, 56, 48, 24, 29, 15, 0, 5, 0, 0, 2, 14, 31, 32, 36, 54, 59, 66, 94, 109, 117, 119, 127, 125, 127, 127, 112, 118, 109, 95, 99, 76, 55, 42, 33, 21, 0, 8, 12, 0]"
17,bootstrap_smc,Bootstrap SMC,10,In-Distribution,149.73474501585588,2.4857541802703054e-07,-689.260498046875,85.0,0.33203125,81,"[124, 127, 124, 119, 125, 99, 110, 86, 72, 59, 49, 44, 19, 19, 9, 0, 0, 0, 10, 13, 12, 24, 42, 44, 50, 68, 93, 87, 113, 124, 122, 123, 127, 122, 116, 108, 102, 103, 98, 76, 53, 50, 33, 25, 16, 5, 4, 0, 1, 3, 11, 21, 31, 30, 51, 66, 78, 66, 95, 103, 126, 120, 127, 127, 127, 117, 120, 100, 98, 88, 89, 60, 39, 19, 26, 23, 12, 1, 0, 3, 0]"
18,bootstrap_smc,Bootstrap SMC,10,In-Distribution,151.3281185249798,3.1342429451797216e-07,-663.7109985351562,82.0,0.3203125,78,"[45, 25, 21, 1, 0, 5, 9, 25, 39, 52, 73, 77, 112, 110, 127, 127, 123, 122, 106, 99, 80, 56, 31, 29, 11, 9, 0, 0, 4, 25, 36, 56, 79, 87, 103, 118, 122, 127, 127, 117, 108, 105, 80, 59, 50, 31, 7, 25, 0, 4, 10, 9, 34, 49, 51, 74, 89, 109, 122, 125, 127, 127, 115, 113, 99, 85, 70, 39, 31, 13, 8, 0, 1, 20, 16, 36, 43, 75]"
19,bootstrap_smc,Bootstrap SMC,10,In-Distribution,150.53387425420806,1.8809322455126676e-07,-639.1902465820312,83.0,0.32421875,75,"[83, 56, 40, 32, 13, 0, 2, 0, 5, 19, 18, 43, 50, 62, 78, 95, 96, 118, 124, 115, 127, 127, 115, 106, 103, 79, 71, 57, 37, 15, 24, 0, 0, 0, 0, 17, 39, 42, 41, 62, 78, 99, 110, 121, 119, 124, 127, 119, 107, 103, 93, 75, 69, 39, 35, 27, 13, 2, 0, 6, 7, 12, 28, 37, 38, 63, 81, 91, 111, 117, 127, 127, 127, 125, 115]"
0,exact_guidance_u,Exact Guidance,10,In-Distribution,380.2775780609809,1.6117951867493633e-07,-814.1257934570312,88.0,0.34375,108,"[16, 8, 9, 7, 17, 21, 29, 38, 51, 91, 111, 97, 103, 105, 119, 123, 127, 127, 127, 127, 114, 124, 123, 101, 94, 79, 75, 80, 55, 58, 41, 44, 11, 6, 8, 12, 3, 0, 0, 0, 4, 29, 43, 38, 53, 66, 63, 72, 81, 98, 98, 114, 112, 123, 122, 127, 127, 127, 119, 110, 85, 79, 76, 72, 77, 49, 46, 33, 14, 18, 0, 4, 6, 7, 0, 5, 24, 14, 31, 25, 39, 37, 66, 65, 74, 87, 107, 121, 127, 123, 122, 127, 127, 123, 116, 118, 118, 110, 97, 89, 89, 79, 78, 69, 43, 40, 37, 30]"
1,exact_guidance_u,Exact Guidance,10,In-Distribution,334.344029457774,2.1930155402246882e-09,-891.4986572265625,104.0,0.40625,121,"[55, 41, 28, 34, 19, 5, 2, 3, 0, 2, 6, 20, 39, 43, 51, 57, 72, 97, 109, 114, 123, 127, 127, 127, 127, 120, 125, 114, 100, 93, 79, 67, 57, 64, 45, 33, 19, 8, 0, 15, 4, 4, 7, 11, 27, 30, 53, 80, 89, 116, 127, 127, 127, 127, 126, 119, 110, 77, 56, 52, 55, 23, 16, 7, 0, 8, 3, 3, 39, 52, 67, 75, 76, 110, 103, 121, 127, 127, 127, 126, 127, 120, 108, 104, 108, 100, 87, 57, 57, 41, 34, 31, 19, 18, 8, 9, 8, 0, 10, 10, 5, 9, 18, 32, 42, 55, 63, 70, 90, 85, 99, 111, 121, 127, 126, 127, 127, 123, 115, 99, 98]"
2,exact_guidance_u,Exact Guidance,10,In-Distribution,272.53849184606224,1.7396252868535634e-06,-644.9039916992188,77.0,0.30078125,92,"[8, 13, 29, 27, 55, 76, 70, 87, 96, 112, 110, 120, 123, 127, 127, 127, 114, 108, 107, 104, 75, 63, 65, 47, 35, 17, 15, 11, 5, 5, 0, 0, 0, 10, 21, 28, 40, 54, 50, 83, 87, 86, 87, 121, 123, 127, 127, 127, 113, 118, 108, 90, 89, 71, 59, 48, 31, 28, 27, 15, 0, 2, 0, 7, 5, 18, 19, 24, 35, 47, 66, 74, 87, 102, 101, 117, 127, 127, 127, 127, 113, 116, 103, 95, 89, 78, 65, 61, 48, 23, 14, 21]"
3,exact_guidance_u,Exact Guidance,10,In-Distribution,342.2535928050056,4.18885197877466e-07,-684.7308959960938,85.0,0.33203125,100,"[127, 127, 115, 111, 127, 101, 95, 78, 51, 49, 33, 25, 15, 0, 0, 5, 7, 17, 28, 41, 65, 69, 85, 108, 112, 119, 125, 125, 114, 124, 96, 80, 55, 53, 21, 2, 0, 10, 0, 3, 13, 16, 36, 53, 64, 86, 86, 98, 114, 121, 123, 127, 127, 127, 125, 121, 108, 102, 84, 82, 66, 41, 36, 30, 26, 4, 0, 1, 5, 2, 5, 15, 25, 52, 44, 60, 66, 89, 117, 115, 124, 127, 127, 127, 127, 116, 121, 105, 94, 66, 47, 46, 26, 19, 10, 0, 0, 0, 4, 0]"
4,exact_guidance_u,Exact Guidance,10,In-Distribution,331.0005265539512,2.2206127048001835e-07,-760.20068359375,88.0,0.34375,103,"[81, 49, 25, 18, 8, 3, 7, 0, 0, 0, 12, 38, 49, 89, 92, 99, 112, 120, 123, 120, 127, 127, 127, 127, 122, 111, 106, 110, 90, 62, 59, 44, 13, 18, 15, 0, 0, 0, 0, 3, 14, 17, 39, 43, 50, 61, 81, 92, 90, 108, 122, 109, 117, 127, 122, 121, 120, 116, 95, 83, 90, 55, 71, 42, 36, 15, 16, 0, 7, 16, 13, 3, 12, 35, 35, 61, 71, 75, 98, 93, 106, 118, 127, 122, 127, 119, 127, 116, 98, 102, 95, 71, 75, 51, 57, 31, 19, 14, 0, 4, 0, 0, 0]"
5,exact_guidance_u,Exact Guidance,10,In-Distribution,354.3486337312497,7.094039771565022e-08,-755.475830078125,94.0,0.3671875,105,"[127, 116, 101, 91, 88, 73, 64, 45, 28, 20, 12, 14, 0, 8, 0, 0, 9, 19, 22, 29, 36, 66, 70, 74, 89, 109, 117, 120, 127, 127, 127, 122, 120, 116, 96, 95, 77, 55, 67, 43, 27, 25, 8, 8, 1, 7, 18, 13, 14, 28, 35, 42, 51, 73, 76, 89, 110, 116, 114, 122, 127, 127, 125, 123, 122, 127, 127, 109, 106, 85, 68, 87, 67, 33, 17, 17, 7, 0, 0, 0, 0, 10, 9, 12, 24, 28, 45, 57, 60, 70, 94, 99, 112, 117, 121, 125, 127, 127, 122, 117, 127, 98, 97, 87, 61]"
6,exact_guidance_u,Exact Guidance,10,In-Distribution,308.6388786388561,2.2456917877280725e-07,-680.524658203125,89.0,0.34765625,97,"[17, 13, 34, 34, 54, 55, 64, 77, 105, 118, 111, 115, 123, 127, 116, 127, 118, 127, 122, 118, 114, 89, 91, 72, 47, 44, 29, 30, 18, 16, 10, 10, 6, 2, 0, 0, 0, 12, 7, 18, 19, 20, 47, 63, 78, 85, 95, 103, 99, 110, 117, 121, 123, 127, 127, 118, 116, 126, 127, 111, 97, 96, 72, 62, 63, 33, 35, 22, 26, 6, 16, 6, 0, 0, 5, 11, 3, 16, 27, 39, 46, 46, 69, 74, 85, 96, 112, 112, 109, 127, 127, 127, 123, 120, 120, 127, 127]"
7,exact_guidance_u,Exact Guidance,10,In-Distribution,342.8245280110277,1.8699433774289794e-07,-743.1753540039062,89.0,0.34765625,103,"[15, 11, 0, 3, 6, 0, 0, 2, 9, 11, 12, 20, 18, 33, 36, 49, 60, 59, 67, 85, 92, 90, 99, 121, 114, 117, 127, 121, 127, 118, 127, 118, 123, 110, 100, 82, 78, 71, 54, 49, 33, 28, 7, 12, 0, 1, 6, 0, 0, 3, 0, 22, 13, 29, 43, 36, 51, 60, 76, 96, 100, 105, 120, 111, 127, 118, 126, 127, 127, 126, 122, 106, 108, 105, 80, 79, 73, 39, 43, 26, 2, 0, 6, 4, 0, 0, 3, 4, 13, 22, 28, 31, 46, 59, 66, 75, 97, 116, 126, 125, 127, 127, 127]"
8,exact_guidance_u,Exact Guidance,10,In-Distribution,366.5976346828975,7.094039771565022e-08,-761.7288208007812,94.0,0.3671875,105,"[106, 97, 96, 92, 78, 69, 57, 51, 45, 34, 31, 32, 22, 4, 0, 0, 0, 5, 7, 0, 7, 15, 22, 19, 36, 45, 55, 62, 68, 81, 95, 82, 98, 111, 123, 114, 127, 127, 127, 127, 127, 127, 120, 120, 108, 96, 101, 79, 72, 69, 59, 33, 55, 34, 26, 23, 18, 9, 2, 0, 7, 0, 0, 13, 8, 14, 31, 43, 54, 54, 68, 78, 84, 110, 109, 119, 107, 119, 127, 127, 122, 127, 112, 124, 123, 115, 102, 105, 102, 95, 78, 62, 48, 62, 42, 34, 25, 33, 0, 24, 8, 7, 0, 0, 0]"
9,exact_guidance_u,Exact Guidance,10,In-Distribution,345.3252026233822,6.227862343953657e-07,-708.676513671875,82.0,0.3203125,103,"[125, 127, 127, 127, 123, 113, 97, 96, 92, 69, 74, 55, 43, 45, 32, 30, 22, 13, 9, 6, 0, 5, 0, 4, 2, 9, 13, 35, 40, 45, 51, 54, 73, 72, 82, 92, 103, 107, 123, 108, 123, 124, 124, 127, 122, 113, 127, 127, 115, 91, 90, 78, 61, 58, 55, 45, 28, 26, 22, 15, 0, 10, 0, 0, 2, 0, 21, 25, 30, 56, 66, 70, 76, 96, 100, 112, 127, 127, 127, 127, 121, 121, 116, 96, 98, 68, 55, 39, 40, 26, 13, 16, 2, 10, 0, 0, 0, 4, 12, 17, 26, 30, 56]"
10,exact_guidance_u,Exact Guidance,10,In-Distribution,288.78929058322683,4.974384804840265e-07,-739.3446044921875,84.0,0.328125,100,"[127, 113, 126, 108, 120, 127, 127, 105, 95, 77, 59, 52, 52, 23, 22, 14, 8, 13, 11, 30, 57, 44, 56, 88, 77, 90, 124, 107, 127, 123, 0, 8, 7, 18, 8, 7, 27, 29, 36, 55, 81, 108, 104, 123, 121, 127, 125, 127, 127, 127, 121, 108, 108, 82, 77, 66, 58, 42, 36, 26, 20, 0, 0, 17, 5, 0, 11, 20, 26, 39, 63, 66, 88, 95, 96, 107, 127, 117, 127, 127, 127, 116, 120, 107, 92, 97, 77, 60, 55, 54, 26, 6, 4, 7, 0, 0, 0, 0, 19, 15]"
11,exact_guidance_u,Exact Guidance,10,In-Distribution,329.42342191003263,1.174792589748508e-06,-706.381103515625,79.0,0.30859375,100,"[94, 110, 118, 120, 118, 127, 127, 127, 113, 114, 106, 100, 93, 39, 26, 30, 6, 0, 12, 11, 0, 3, 14, 18, 32, 52, 72, 88, 96, 99, 116, 127, 121, 123, 127, 127, 122, 104, 110, 92, 72, 58, 54, 39, 30, 27, 11, 0, 0, 10, 7, 0, 13, 27, 28, 56, 52, 66, 77, 91, 106, 108, 121, 124, 127, 120, 127, 127, 113, 100, 92, 85, 69, 60, 56, 44, 21, 9, 1, 0, 2, 0, 4, 9, 16, 32, 30, 58, 118, 127, 127, 117, 127, 127, 116, 104, 53, 64, 38, 16]"
12,exact_guidance_u,Exact Guidance,10,In-Distribution,358.44303136412054,1.8284606265004983e-06,-710.7512817382812,76.0,0.296875,102,"[0, 0, 0, 6, 21, 37, 51, 55, 71, 84, 99, 98, 118, 115, 120, 127, 127, 127, 114, 106, 103, 66, 63, 56, 36, 34, 22, 12, 6, 1, 9, 0, 28, 36, 47, 69, 63, 81, 91, 108, 121, 116, 126, 127, 127, 116, 119, 108, 104, 68, 73, 57, 52, 30, 17, 6, 0, 0, 0, 2, 7, 24, 24, 36, 46, 65, 62, 93, 113, 117, 117, 121, 127, 127, 127, 123, 116, 102, 88, 82, 66, 39, 23, 16, 7, 8, 1, 0, 0, 9, 6, 14, 20, 43, 50, 61, 85, 99, 120, 127, 125, 127]"
13,exact_guidance_u,Exact Guidance,10,In-Distribution,335.029057005886,4.075256435377449e-08,-816.8613891601562,96.0,0.375,108,"[101, 98, 73, 57, 52, 46, 30, 48, 31, 20, 4, 0, 0, 2, 13, 0, 5, 11, 4, 8, 10, 18, 21, 33, 52, 48, 57, 57, 60, 75, 90, 100, 110, 112, 108, 111, 127, 122, 127, 111, 127, 116, 124, 111, 109, 107, 96, 92, 78, 71, 49, 50, 25, 23, 28, 21, 13, 0, 7, 14, 6, 0, 5, 17, 15, 14, 24, 32, 28, 42, 60, 85, 70, 83, 83, 92, 99, 91, 115, 118, 127, 123, 126, 127, 127, 123, 127, 119, 119, 111, 105, 95, 101, 82, 71, 60, 55, 52, 50, 43, 37, 14, 22, 20, 17, 8, 0, 0]"
14,exact_guidance_u,Exact Guidance,10,In-Distribution,333.12790751084685,7.395769525248843e-07,-728.3507690429688,81.0,0.31640625,103,"[18, 58, 44, 61, 85, 92, 100, 105, 108, 127, 127, 127, 113, 123, 124, 107, 105, 105, 86, 88, 57, 57, 43, 28, 11, 13, 6, 9, 0, 2, 0, 3, 7, 22, 33, 54, 46, 60, 78, 87, 101, 100, 99, 120, 121, 127, 127, 127, 127, 127, 112, 85, 97, 68, 74, 54, 49, 35, 40, 28, 1, 0, 0, 7, 13, 8, 3, 12, 23, 26, 40, 66, 78, 82, 98, 108, 122, 120, 117, 126, 127, 127, 127, 114, 116, 107, 92, 78, 63, 65, 39, 44, 31, 14, 3, 0, 0, 0, 0, 0, 18, 2, 19]"
15,exact_guidance_u,Exact Guidance,10,In-Distribution,331.8007700559683,4.18885197877466e-07,-707.1195678710938,85.0,0.33203125,100,"[71, 80, 88, 111, 109, 112, 127, 120, 127, 127, 127, 127, 115, 118, 102, 91, 77, 61, 67, 46, 43, 31, 12, 16, 5, 3, 2, 0, 3, 1, 23, 10, 30, 44, 52, 72, 81, 81, 97, 115, 116, 117, 127, 127, 124, 127, 120, 127, 112, 100, 88, 90, 78, 73, 55, 44, 37, 40, 10, 0, 14, 0, 0, 3, 10, 3, 19, 33, 25, 47, 49, 67, 71, 92, 96, 100, 116, 119, 126, 126, 127, 124, 115, 117, 121, 116, 95, 71, 54, 58, 58, 43, 8, 19, 10, 0, 14, 0, 4, 19]"
16,exact_guidance_u,Exact Guidance,10,In-Distribution,310.07512839790434,2.7211577495495476e-06,-758.869140625,72.0,0.28125,107,"[61, 36, 34, 3, 0, 2, 4, 11, 19, 46, 52, 66, 86, 92, 107, 110, 117, 123, 127, 127, 127, 107, 113, 90, 84, 69, 49, 44, 36, 16, 24, 6, 15, 2, 0, 3, 23, 18, 38, 47, 65, 85, 102, 109, 117, 123, 125, 127, 120, 126, 127, 108, 91, 72, 47, 40, 14, 17, 7, 2, 0, 7, 5, 0, 19, 30, 35, 49, 67, 92, 94, 100, 106, 123, 127, 127, 127, 120, 108, 108, 92, 78, 70, 48, 40, 26, 23, 18, 0, 0, 0, 13, 21, 23, 21, 48, 53, 68, 83, 100, 108, 109, 117, 119, 127, 122, 115]"
17,exact_guidance_u,Exact Guidance,10,In-Distribution,357.06955988379195,1.1688957715285343e-07,-716.56005859375,92.0,0.359375,102,"[15, 6, 2, 0, 0, 0, 3, 10, 16, 19, 38, 45, 51, 63, 70, 89, 95, 107, 122, 127, 127, 119, 124, 127, 125, 126, 127, 104, 90, 85, 75, 69, 63, 59, 32, 26, 20, 10, 9, 2, 7, 6, 6, 0, 0, 3, 23, 27, 33, 42, 43, 67, 65, 78, 94, 89, 103, 114, 123, 119, 127, 127, 127, 123, 127, 120, 108, 102, 94, 91, 64, 60, 41, 42, 29, 25, 26, 2, 4, 2, 11, 2, 0, 0, 5, 20, 25, 18, 38, 42, 48, 73, 84, 89, 97, 108, 114, 112, 124, 127, 117, 127]"
18,exact_guidance_u,Exact Guidance,10,In-Distribution,321.77698873123154,4.810169726685462e-07,-712.65478515625,84.0,0.328125,101,"[121, 115, 112, 103, 96, 78, 83, 74, 53, 35, 45, 15, 15, 0, 3, 1, 11, 0, 0, 3, 18, 22, 40, 42, 48, 66, 81, 107, 116, 121, 120, 127, 127, 127, 127, 124, 110, 103, 83, 78, 74, 57, 48, 28, 23, 19, 14, 6, 5, 11, 0, 0, 3, 16, 32, 33, 36, 46, 66, 77, 82, 92, 108, 116, 125, 124, 127, 123, 127, 127, 123, 116, 94, 109, 99, 79, 56, 33, 34, 7, 14, 7, 5, 0, 12, 0, 4, 5, 20, 27, 49, 65, 84, 91, 103, 101, 107, 125, 127, 127, 122]"
19,exact_guidance_u,Exact Guidance,10,In-Distribution,289.1662655607797,1.340963814151404e-07,-693.2448120117188,92.0,0.359375,97,"[8, 0, 1, 0, 2, 10, 18, 32, 34, 40, 58, 65, 78, 84, 102, 120, 119, 127, 127, 126, 127, 124, 118, 114, 112, 104, 82, 86, 71, 57, 38, 39, 35, 18, 12, 0, 15, 10, 0, 0, 2, 13, 7, 28, 36, 43, 52, 69, 72, 97, 109, 122, 114, 115, 127, 127, 127, 127, 127, 127, 108, 103, 106, 102, 81, 64, 59, 43, 26, 35, 37, 7, 4, 0, 0, 0, 0, 25, 12, 22, 41, 43, 56, 69, 86, 108, 118, 111, 120, 124, 125, 120, 127, 108, 110, 94, 70]"
0,unguided,Unguided,10,Linear,1.168078786227852,4.817610623673688e-13,-652.9140014648438,117.0,0.45703125,75,"[105, 108, 107, 103, 79, 66, 43, 23, 15, 1, 17, 0, 3, 5, 15, 20, 43, 42, 77, 85, 87, 101, 127, 112, 116, 127, 115, 109, 98, 90, 74, 66, 51, 27, 21, 19, 0, 0, 0, 0, 8, 23, 51, 59, 65, 67, 113, 116, 111, 122, 127, 127, 120, 99, 103, 86, 55, 56, 25, 19, 13, 5, 5, 0, 3, 14, 22, 23, 43, 68, 74, 88, 105, 122, 124]"
1,unguided,Unguided,10,Linear,1.1637299410067499,1.6380430991268187e-10,-878.921630859375,120.0,0.46875,102,"[4, 0, 11, 13, 23, 32, 49, 46, 58, 67, 81, 77, 95, 96, 115, 120, 104, 127, 127, 126, 116, 127, 124, 115, 125, 111, 97, 79, 73, 67, 47, 45, 27, 31, 18, 5, 17, 2, 0, 5, 0, 2, 6, 2, 2, 13, 30, 42, 55, 50, 61, 63, 88, 100, 92, 117, 106, 121, 127, 127, 125, 127, 112, 127, 122, 119, 98, 93, 81, 76, 64, 62, 49, 34, 40, 26, 25, 13, 0, 7, 5, 0, 3, 2, 3, 18, 16, 27, 45, 36, 60, 58, 72, 73, 89, 98, 118, 101, 127, 127, 127, 127]"
2,unguided,Unguided,10,Linear,1.1173253078013659,1.3030245096257742e-12,-674.2110595703125,120.0,0.46875,80,"[56, 68, 81, 89, 102, 116, 110, 127, 127, 124, 127, 124, 106, 97, 91, 67, 59, 59, 35, 32, 4, 17, 2, 0, 3, 0, 0, 11, 20, 35, 46, 45, 74, 78, 105, 107, 115, 127, 127, 127, 127, 124, 123, 122, 104, 98, 80, 65, 52, 44, 26, 22, 11, 12, 12, 1, 0, 0, 11, 9, 27, 30, 45, 58, 71, 92, 96, 112, 119, 127, 116, 127, 122, 127, 127, 119, 104, 75, 75, 65]"
3,unguided,Unguided,10,Linear,1.1141060548834503,1.6329629344890388e-12,-670.1652221679688,117.0,0.45703125,79,"[123, 127, 127, 127, 118, 102, 109, 93, 71, 74, 59, 45, 43, 16, 16, 0, 3, 0, 10, 2, 7, 46, 29, 34, 44, 56, 72, 77, 107, 114, 124, 127, 127, 127, 126, 127, 115, 107, 93, 88, 67, 69, 39, 40, 22, 12, 12, 0, 4, 0, 4, 10, 12, 21, 38, 54, 63, 68, 79, 92, 104, 105, 121, 127, 127, 127, 120, 114, 106, 104, 93, 75, 58, 46, 38, 30, 15, 7, 3]"
4,unguided,Unguided,10,Linear,1.146107513923198,5.6059120558887684e-11,-791.532470703125,118.0,0.4609375,94,"[28, 15, 15, 10, 3, 0, 1, 12, 28, 24, 28, 51, 65, 84, 79, 99, 104, 115, 117, 127, 127, 127, 127, 119, 112, 98, 96, 77, 75, 55, 48, 41, 15, 7, 0, 4, 0, 2, 8, 0, 11, 33, 39, 47, 61, 63, 87, 108, 112, 109, 121, 125, 116, 118, 105, 115, 110, 88, 84, 71, 57, 55, 29, 26, 15, 12, 9, 0, 0, 9, 13, 23, 27, 44, 47, 65, 75, 83, 103, 105, 109, 123, 127, 126, 127, 123, 118, 105, 93, 87, 63, 70, 56, 39]"
5,unguided,Unguided,10,Linear,1.1178622632287443,3.240099346015117e-11,-788.9131469726562,120.0,0.46875,93,"[22, 7, 5, 0, 0, 0, 5, 11, 21, 30, 35, 33, 51, 57, 70, 80, 101, 105, 115, 125, 126, 126, 116, 127, 127, 127, 113, 107, 108, 93, 83, 87, 60, 54, 51, 34, 31, 28, 18, 0, 0, 0, 5, 1, 2, 0, 19, 19, 34, 43, 54, 59, 76, 75, 94, 99, 114, 111, 127, 127, 111, 125, 127, 127, 118, 109, 115, 103, 91, 76, 76, 52, 37, 47, 37, 23, 12, 0, 3, 12, 0, 1, 0, 8, 24, 20, 28, 40, 41, 44, 56, 65, 87]"
6,unguided,Unguided,10,Linear,1.127650158945471,2.997618052894149e-12,-701.3153686523438,120.0,0.46875,83,"[42, 48, 76, 83, 88, 107, 122, 111, 121, 127, 127, 124, 114, 118, 106, 97, 86, 87, 58, 46, 41, 42, 20, 19, 0, 0, 2, 0, 9, 8, 12, 18, 37, 43, 61, 59, 80, 89, 109, 104, 117, 127, 127, 120, 121, 124, 124, 103, 107, 79, 86, 84, 57, 51, 44, 29, 23, 0, 0, 5, 0, 0, 2, 18, 39, 32, 36, 37, 69, 68, 76, 85, 93, 114, 127, 127, 122, 122, 127, 118, 122, 118, 100]"
7,unguided,Unguided,10,Linear,1.1072356537915766,1.6200573431371074e-12,-691.867431640625,122.0,0.4765625,82,"[127, 127, 127, 114, 116, 89, 86, 76, 56, 50, 30, 26, 5, 8, 9, 9, 2, 3, 5, 15, 31, 39, 49, 66, 85, 82, 86, 107, 113, 125, 127, 127, 120, 114, 112, 102, 105, 95, 77, 73, 47, 34, 34, 29, 7, 7, 2, 0, 0, 0, 7, 28, 37, 43, 57, 69, 77, 101, 106, 115, 124, 122, 126, 118, 127, 120, 109, 96, 95, 80, 69, 52, 33, 24, 20, 21, 17, 1, 0, 3, 0, 10]"
8,unguided,Unguided,10,Linear,1.090314940083772,7.079427132395885e-12,-713.6484375,115.0,0.44921875,83,"[3, 9, 24, 24, 37, 53, 70, 68, 88, 95, 109, 111, 127, 124, 117, 123, 127, 113, 111, 90, 96, 87, 72, 53, 33, 29, 20, 20, 0, 0, 0, 12, 4, 20, 25, 45, 47, 53, 62, 81, 89, 90, 117, 117, 127, 127, 127, 123, 127, 117, 109, 82, 76, 68, 49, 40, 21, 21, 14, 4, 0, 0, 2, 7, 20, 19, 31, 49, 66, 93, 97, 96, 112, 125, 127, 125, 113, 125, 120, 112, 105, 102, 93]"
9,unguided,Unguided,10,Linear,1.0801127110607922,1.282631498961721e-13,-613.4554443359375,119.0,0.46484375,72,"[3, 21, 18, 39, 56, 71, 79, 93, 113, 101, 118, 127, 123, 127, 115, 112, 107, 87, 75, 49, 40, 34, 34, 9, 18, 8, 2, 6, 12, 5, 35, 39, 54, 72, 87, 88, 102, 120, 127, 127, 121, 125, 114, 116, 100, 90, 88, 64, 47, 40, 23, 15, 9, 0, 0, 1, 0, 18, 25, 31, 51, 62, 77, 90, 95, 104, 119, 127, 127, 127, 119, 109]"
10,unguided,Unguided,10,Linear,1.1375603526830673,1.1358865302201037e-10,-858.5029296875,123.0,0.48046875,103,"[25, 29, 46, 53, 56, 73, 73, 104, 100, 112, 126, 121, 116, 114, 127, 126, 127, 126, 96, 105, 94, 74, 70, 52, 38, 32, 36, 13, 3, 0, 0, 0, 2, 3, 14, 20, 28, 33, 61, 63, 73, 82, 94, 103, 107, 120, 123, 123, 127, 127, 127, 127, 114, 110, 87, 83, 82, 64, 49, 40, 24, 18, 15, 12, 11, 0, 0, 7, 11, 19, 20, 33, 38, 41, 60, 73, 98, 84, 108, 112, 118, 120, 127, 124, 122, 127, 114, 107, 103, 94, 82, 66, 49, 44, 25, 32, 8, 20, 6, 0, 0, 0, 7]"
11,unguided,Unguided,10,Linear,1.0978556033223867,2.7720050985121097e-12,-714.1996459960938,122.0,0.4765625,84,"[14, 36, 42, 38, 69, 74, 86, 92, 114, 119, 114, 127, 127, 127, 127, 113, 108, 110, 90, 86, 73, 54, 49, 33, 31, 12, 11, 0, 7, 5, 7, 0, 11, 31, 30, 32, 70, 71, 92, 95, 110, 123, 113, 119, 127, 120, 127, 124, 121, 110, 96, 79, 73, 43, 46, 32, 18, 11, 15, 7, 4, 0, 12, 7, 15, 33, 44, 48, 68, 85, 84, 97, 98, 118, 122, 124, 126, 127, 127, 115, 107, 97, 87, 73]"
12,unguided,Unguided,10,Linear,1.1075584166683257,5.926646957634034e-12,-749.4898681640625,122.0,0.4765625,87,"[60, 76, 78, 98, 108, 112, 119, 126, 127, 127, 120, 112, 104, 98, 77, 58, 55, 29, 19, 5, 2, 0, 0, 4, 18, 11, 19, 37, 50, 83, 76, 88, 108, 114, 109, 125, 114, 127, 110, 120, 104, 103, 85, 69, 57, 49, 33, 6, 10, 2, 15, 0, 2, 24, 13, 24, 49, 55, 63, 81, 97, 112, 116, 120, 126, 127, 121, 119, 121, 113, 97, 85, 60, 47, 53, 28, 10, 7, 6, 4, 0, 0, 9, 21, 33, 49, 66]"
13,unguided,Unguided,10,Linear,1.114683783147484,8.456662376422503e-11,-849.03076171875,122.0,0.4765625,100,"[126, 127, 127, 127, 114, 109, 91, 90, 75, 78, 58, 50, 39, 35, 13, 22, 13, 2, 0, 0, 8, 0, 13, 15, 20, 25, 38, 45, 62, 56, 74, 82, 90, 93, 116, 122, 127, 118, 121, 127, 127, 125, 117, 108, 112, 89, 89, 76, 74, 62, 51, 44, 45, 34, 18, 3, 0, 5, 7, 0, 0, 7, 9, 14, 26, 38, 37, 53, 64, 72, 93, 100, 107, 106, 117, 121, 117, 124, 127, 127, 114, 125, 112, 111, 93, 92, 81, 60, 58, 43, 36, 32, 25, 11, 11, 10, 0, 10, 17, 21]"
14,unguided,Unguided,10,Linear,1.1063380339182913,1.4999959230262977e-11,-756.4115600585938,118.0,0.4609375,88,"[124, 120, 127, 127, 117, 107, 94, 75, 62, 51, 34, 28, 15, 11, 11, 3, 0, 10, 8, 23, 30, 53, 43, 76, 103, 104, 107, 118, 123, 127, 125, 119, 112, 114, 95, 90, 86, 73, 56, 39, 27, 3, 6, 3, 2, 8, 5, 18, 17, 35, 48, 67, 73, 83, 98, 104, 113, 127, 127, 122, 113, 114, 109, 107, 73, 72, 54, 44, 32, 22, 13, 10, 2, 1, 4, 12, 15, 18, 34, 38, 66, 78, 92, 103, 114, 120, 115, 124]"
15,unguided,Unguided,10,Linear,1.123390027321875,1.7861280004843647e-10,-887.6564331054688,122.0,0.4765625,105,"[79, 81, 97, 113, 116, 121, 124, 125, 127, 127, 124, 119, 101, 99, 96, 72, 62, 62, 34, 31, 29, 24, 20, 2, 3, 0, 0, 7, 14, 19, 27, 39, 48, 60, 81, 95, 98, 116, 113, 123, 127, 127, 127, 122, 122, 117, 111, 102, 78, 64, 64, 44, 42, 32, 13, 19, 2, 5, 0, 7, 6, 16, 21, 27, 40, 44, 61, 83, 83, 104, 105, 125, 116, 125, 127, 127, 122, 122, 115, 102, 101, 89, 78, 63, 68, 43, 34, 27, 8, 11, 11, 0, 0, 6, 6, 22, 31, 36, 44, 49, 67, 83, 91, 95, 106]"
16,unguided,Unguided,10,Linear,1.094597581308335,7.697370691554306e-14,-603.4015502929688,120.0,0.46875,71,"[44, 53, 70, 78, 105, 122, 126, 127, 127, 127, 122, 124, 102, 85, 84, 71, 58, 34, 24, 13, 7, 2, 15, 3, 0, 8, 28, 46, 60, 70, 81, 88, 98, 123, 123, 127, 127, 120, 115, 107, 106, 90, 73, 51, 49, 17, 17, 8, 5, 12, 3, 7, 12, 27, 36, 53, 66, 88, 89, 104, 123, 121, 127, 127, 127, 121, 116, 101, 85, 64, 58]"
17,unguided,Unguided,10,Linear,1.118990438990295,5.0700865980198116e-11,-839.7791137695312,124.0,0.484375,99,"[63, 71, 79, 89, 113, 117, 125, 122, 127, 127, 124, 121, 106, 94, 75, 67, 59, 41, 34, 15, 9, 7, 0, 8, 0, 14, 18, 38, 38, 62, 79, 92, 113, 116, 120, 117, 127, 127, 122, 117, 114, 110, 101, 85, 77, 49, 41, 37, 13, 12, 16, 5, 11, 17, 19, 18, 43, 51, 61, 81, 103, 109, 110, 111, 127, 123, 123, 117, 117, 100, 93, 72, 52, 44, 38, 20, 17, 0, 5, 0, 15, 7, 9, 25, 28, 41, 58, 70, 84, 105, 126, 113, 127, 126, 127, 115, 115, 106, 88]"
18,unguided,Unguided,10,Linear,1.1102860742248595,9.925265887912761e-12,-735.7361450195312,119.0,0.46484375,87,"[97, 76, 70, 62, 44, 23, 18, 3, 0, 0, 0, 12, 20, 34, 47, 51, 77, 101, 104, 114, 127, 127, 127, 124, 104, 98, 98, 74, 66, 49, 27, 27, 24, 6, 2, 5, 5, 15, 22, 31, 45, 75, 76, 102, 101, 112, 125, 127, 123, 111, 104, 107, 89, 76, 58, 38, 28, 14, 2, 0, 3, 0, 8, 14, 23, 39, 53, 61, 90, 116, 124, 127, 124, 119, 127, 127, 119, 115, 87, 81, 52, 46, 31, 16, 22, 0, 2]"
19,unguided,Unguided,10,Linear,1.1129719987511635,1.4573600071966066e-12,-710.4840698242188,121.0,0.47265625,81,"[66, 77, 104, 118, 122, 125, 115, 117, 98, 92, 79, 57, 30, 18, 4, 2, 0, 0, 16, 19, 44, 62, 82, 101, 108, 124, 120, 127, 106, 105, 93, 80, 58, 33, 23, 17, 2, 0, 2, 10, 21, 51, 58, 84, 98, 111, 115, 117, 123, 120, 123, 108, 88, 68, 44, 21, 16, 21, 2, 11, 2, 20, 25, 45, 51, 95, 121, 124, 127, 127, 127, 106, 92, 90, 67, 60, 41, 11, 22, 2, 1]"
0,best_of_k,Best-of-K,10,Linear,11.068934607785195,3.8652362472326263e-10,-946.60791015625,119.0,0.46484375,107,"[104, 106, 109, 77, 67, 56, 33, 16, 13, 10, 0, 3, 0, 19, 17, 34, 28, 50, 71, 81, 105, 101, 100, 121, 127, 124, 117, 113, 110, 87, 70, 56, 48, 30, 12, 10, 0, 9, 0, 15, 22, 28, 30, 50, 66, 86, 101, 104, 119, 112, 119, 127, 127, 108, 112, 99, 99, 72, 67, 36, 16, 9, 14, 0, 5, 16, 10, 17, 20, 46, 64, 77, 85, 100, 121, 123, 127, 127, 121, 116, 124, 102, 106, 78, 61, 44, 27, 43, 19, 7, 11, 1, 9, 19, 21, 42, 51, 67, 79, 89, 115, 127, 108, 121, 127, 124, 127]"
1,best_of_k,Best-of-K,10,Linear,13.447312536649406,3.2386057791920417e-10,-926.47216796875,122.0,0.4765625,110,"[0, 0, 15, 0, 6, 19, 35, 28, 47, 67, 70, 82, 98, 101, 113, 108, 115, 124, 122, 127, 127, 119, 117, 108, 93, 97, 90, 58, 54, 46, 26, 24, 12, 0, 5, 10, 0, 2, 0, 7, 9, 20, 38, 29, 48, 69, 73, 85, 101, 99, 118, 115, 119, 123, 122, 127, 126, 124, 108, 113, 102, 89, 76, 65, 57, 37, 38, 24, 21, 15, 0, 0, 9, 0, 0, 0, 12, 18, 23, 29, 56, 65, 76, 92, 87, 105, 114, 122, 106, 127, 127, 127, 123, 121, 106, 116, 85, 84, 63, 69, 45, 44, 38, 12, 13, 18, 4, 0, 0, 5]"
2,best_of_k,Best-of-K,10,Linear,12.429601535666734,2.3100110247190365e-10,-855.79150390625,118.0,0.4609375,102,"[8, 2, 0, 9, 6, 8, 23, 28, 40, 47, 69, 89, 91, 100, 110, 118, 127, 127, 127, 118, 112, 108, 84, 88, 70, 65, 44, 38, 20, 10, 0, 2, 5, 5, 18, 18, 18, 28, 51, 65, 79, 88, 109, 107, 117, 127, 125, 127, 127, 121, 105, 102, 92, 71, 68, 43, 29, 20, 6, 12, 0, 0, 8, 3, 12, 25, 51, 54, 67, 75, 89, 116, 110, 119, 127, 127, 127, 126, 127, 100, 105, 89, 80, 70, 40, 37, 24, 11, 9, 2, 3, 1, 6, 14, 26, 41, 47, 57, 84, 91, 92, 121]"
3,best_of_k,Best-of-K,10,Linear,10.984172675292939,2.9105189502131113e-10,-920.7399291992188,122.0,0.4765625,109,"[100, 96, 79, 73, 52, 48, 20, 18, 1, 3, 7, 9, 3, 6, 10, 28, 34, 38, 54, 75, 83, 96, 104, 114, 127, 127, 127, 127, 119, 120, 117, 99, 98, 81, 67, 47, 35, 43, 29, 6, 13, 5, 0, 0, 10, 7, 23, 31, 40, 57, 64, 71, 96, 103, 113, 126, 122, 127, 127, 121, 121, 114, 108, 93, 96, 67, 56, 51, 28, 22, 11, 7, 8, 1, 4, 2, 6, 20, 29, 45, 50, 59, 69, 81, 99, 104, 121, 121, 112, 125, 126, 123, 117, 108, 101, 95, 87, 67, 66, 45, 22, 7, 25, 0, 1, 0, 0, 0, 13]"
4,best_of_k,Best-of-K,10,Linear,10.879791899118572,4.670909748314322e-10,-975.823974609375,122.0,0.4765625,114,"[127, 127, 118, 115, 117, 113, 100, 78, 93, 62, 69, 48, 45, 27, 25, 14, 7, 5, 8, 0, 3, 0, 0, 17, 26, 22, 38, 50, 57, 72, 81, 79, 96, 103, 121, 119, 127, 126, 127, 123, 127, 118, 116, 98, 97, 97, 72, 68, 63, 52, 34, 27, 6, 21, 2, 3, 0, 0, 8, 4, 6, 12, 18, 33, 36, 58, 51, 74, 80, 83, 106, 110, 109, 123, 127, 122, 127, 127, 119, 119, 115, 105, 98, 80, 87, 71, 53, 33, 33, 20, 22, 15, 20, 12, 9, 6, 1, 10, 8, 15, 23, 31, 45, 55, 53, 74, 91, 96, 110, 103, 113, 127, 127, 122]"
5,best_of_k,Best-of-K,10,Linear,10.828887342941016,9.781202095287099e-11,-873.176025390625,123.0,0.48046875,102,"[36, 52, 60, 81, 80, 93, 100, 124, 115, 121, 120, 124, 121, 127, 120, 112, 107, 103, 84, 75, 61, 48, 33, 40, 15, 10, 0, 5, 0, 0, 0, 0, 14, 23, 23, 28, 50, 65, 75, 92, 102, 112, 110, 117, 126, 122, 127, 127, 109, 118, 117, 105, 100, 76, 66, 70, 57, 36, 30, 12, 18, 5, 0, 5, 7, 8, 11, 5, 19, 34, 47, 47, 64, 69, 79, 103, 105, 118, 116, 116, 121, 127, 115, 116, 117, 121, 97, 100, 80, 72, 64, 47, 32, 40, 22, 25, 3, 0, 3, 0, 2, 5]"
6,best_of_k,Best-of-K,10,Linear,10.711661729030311,4.569272453496287e-11,-780.3306884765625,118.0,0.4609375,93,"[108, 94, 75, 62, 46, 48, 12, 15, 13, 4, 6, 3, 0, 7, 24, 29, 37, 54, 54, 70, 84, 97, 100, 106, 121, 127, 127, 124, 123, 103, 110, 106, 76, 73, 59, 56, 41, 17, 21, 18, 2, 0, 0, 2, 0, 13, 13, 33, 34, 55, 60, 76, 90, 104, 104, 127, 127, 127, 127, 126, 127, 111, 107, 99, 81, 85, 60, 44, 47, 31, 11, 0, 0, 0, 0, 4, 0, 16, 22, 38, 41, 58, 70, 84, 94, 102, 113, 123, 127, 127, 121, 126, 108]"
7,best_of_k,Best-of-K,10,Linear,10.795404420234263,7.255672285191308e-10,-997.171142578125,121.0,0.47265625,118,"[59, 28, 29, 18, 6, 5, 5, 0, 0, 16, 2, 7, 12, 27, 29, 37, 43, 53, 57, 76, 78, 98, 101, 106, 123, 127, 117, 127, 127, 127, 122, 127, 119, 120, 111, 105, 90, 77, 58, 50, 41, 46, 22, 14, 12, 2, 4, 0, 0, 0, 0, 3, 9, 20, 32, 37, 46, 67, 61, 68, 79, 89, 111, 96, 115, 111, 116, 127, 122, 127, 127, 119, 113, 110, 100, 92, 87, 70, 65, 51, 53, 29, 26, 15, 11, 8, 5, 2, 1, 0, 3, 11, 20, 10, 32, 32, 40, 54, 66, 69, 73, 97, 94, 112, 127, 112, 118, 119, 127, 127, 110, 125, 117, 105, 98, 89, 91, 71]"
8,best_of_k,Best-of-K,10,Linear,10.833669098094106,2.3080379814404614e-10,-899.1771850585938,122.0,0.4765625,107,"[81, 64, 56, 43, 33, 22, 20, 11, 10, 5, 0, 0, 0, 3, 14, 11, 21, 36, 41, 47, 53, 78, 92, 99, 104, 110, 111, 119, 119, 127, 125, 117, 119, 127, 102, 102, 101, 84, 70, 55, 59, 44, 37, 14, 15, 0, 3, 5, 5, 0, 0, 0, 7, 33, 27, 46, 37, 54, 72, 74, 87, 100, 115, 109, 127, 127, 119, 127, 122, 127, 120, 116, 109, 95, 80, 87, 76, 67, 52, 37, 24, 18, 11, 10, 9, 6, 0, 5, 5, 6, 6, 16, 30, 41, 43, 65, 74, 86, 98, 96, 107, 123, 123, 127, 127, 125, 127]"
9,best_of_k,Best-of-K,10,Linear,12.814162553753704,3.8459395219769355e-10,-927.8714599609375,121.0,0.47265625,110,"[6, 14, 19, 33, 31, 42, 67, 72, 86, 104, 105, 119, 127, 124, 127, 127, 127, 113, 106, 89, 93, 68, 82, 56, 34, 26, 19, 13, 13, 10, 0, 0, 5, 33, 15, 37, 34, 50, 78, 78, 103, 101, 103, 126, 127, 127, 127, 127, 122, 112, 107, 90, 82, 64, 58, 48, 42, 17, 11, 2, 9, 0, 9, 0, 11, 23, 28, 40, 42, 63, 85, 90, 94, 105, 118, 126, 126, 127, 127, 123, 119, 114, 109, 89, 88, 78, 61, 53, 23, 17, 16, 0, 0, 5, 0, 3, 10, 19, 47, 39, 38, 66, 72, 92, 96, 109, 126, 127, 124, 127]"
10,best_of_k,Best-of-K,10,Linear,11.2150913127698,3.096340861738503e-10,-893.1605834960938,118.0,0.4609375,104,"[112, 92, 76, 54, 56, 40, 22, 4, 6, 10, 0, 5, 13, 21, 33, 52, 51, 82, 83, 103, 110, 121, 117, 127, 124, 116, 102, 91, 80, 61, 50, 32, 25, 4, 9, 0, 5, 0, 20, 36, 40, 61, 75, 91, 96, 119, 108, 119, 127, 127, 118, 107, 97, 78, 56, 59, 33, 15, 17, 0, 8, 9, 10, 13, 27, 42, 46, 76, 81, 94, 112, 119, 127, 124, 123, 123, 125, 114, 103, 80, 65, 45, 35, 17, 16, 11, 2, 1, 0, 14, 7, 31, 34, 57, 78, 76, 109, 124, 109, 127, 124, 116, 114, 100]"
11,best_of_k,Best-of-K,10,Linear,11.075326493941247,1.9452243104454275e-10,-886.8986206054688,119.0,0.46484375,102,"[97, 87, 83, 43, 50, 42, 29, 19, 14, 10, 11, 7, 0, 3, 14, 20, 27, 51, 47, 65, 54, 86, 100, 104, 111, 115, 118, 127, 118, 127, 119, 121, 98, 101, 96, 72, 62, 62, 47, 35, 15, 11, 11, 5, 3, 3, 8, 7, 4, 22, 25, 35, 41, 65, 77, 89, 93, 111, 111, 115, 127, 127, 115, 127, 122, 111, 107, 95, 88, 69, 76, 47, 53, 34, 29, 0, 6, 0, 0, 0, 5, 4, 15, 14, 16, 43, 52, 62, 73, 93, 106, 94, 117, 119, 120, 118, 127, 127, 118, 103, 104, 98]"
12,best_of_k,Best-of-K,10,Linear,11.626661538146436,1.664854360924616e-10,-845.7001953125,119.0,0.46484375,101,"[127, 127, 111, 117, 106, 99, 85, 61, 47, 35, 13, 9, 0, 6, 0, 6, 8, 21, 28, 28, 38, 54, 77, 91, 103, 104, 127, 124, 125, 127, 124, 111, 107, 95, 81, 67, 45, 47, 30, 15, 0, 9, 0, 4, 12, 19, 29, 33, 52, 70, 88, 91, 103, 109, 122, 126, 127, 109, 127, 122, 109, 96, 83, 73, 47, 40, 31, 17, 17, 0, 15, 1, 3, 18, 20, 34, 46, 65, 79, 73, 106, 102, 121, 127, 127, 127, 127, 123, 103, 101, 97, 79, 53, 54, 39, 16, 13, 0, 1, 0, 9]"
13,best_of_k,Best-of-K,10,Linear,11.72776486678049,2.5398396012961594e-10,-935.3099365234375,124.0,0.484375,111,"[74, 62, 74, 91, 101, 117, 113, 119, 118, 122, 127, 121, 125, 109, 112, 109, 90, 93, 74, 73, 70, 40, 39, 36, 15, 11, 0, 1, 0, 0, 0, 5, 13, 5, 17, 30, 38, 37, 51, 60, 62, 84, 81, 107, 110, 127, 123, 115, 127, 127, 126, 127, 116, 112, 113, 95, 86, 73, 81, 60, 53, 39, 15, 12, 11, 11, 5, 0, 0, 0, 5, 2, 9, 14, 27, 21, 39, 61, 62, 78, 77, 92, 112, 101, 112, 119, 120, 127, 127, 126, 127, 117, 122, 112, 104, 90, 74, 73, 60, 47, 48, 41, 16, 8, 21, 1, 5, 0, 5, 0, 4]"
14,best_of_k,Best-of-K,10,Linear,11.325781310908496,1.6885966594243006e-10,-853.2267456054688,117.0,0.45703125,99,"[16, 0, 10, 1, 0, 22, 24, 27, 52, 65, 66, 90, 86, 113, 126, 115, 127, 124, 127, 112, 101, 81, 73, 57, 55, 26, 25, 0, 1, 2, 7, 8, 19, 21, 40, 56, 64, 78, 94, 114, 116, 120, 127, 127, 114, 104, 104, 96, 72, 59, 66, 36, 15, 23, 0, 1, 3, 0, 8, 2, 31, 46, 60, 71, 88, 91, 111, 127, 127, 127, 127, 111, 109, 94, 83, 58, 55, 38, 42, 21, 10, 0, 9, 8, 5, 22, 17, 32, 32, 61, 53, 74, 89, 101, 122, 127, 120, 125, 123]"
15,best_of_k,Best-of-K,10,Linear,11.799181170295924,1.1925805451807745e-10,-874.3363647460938,120.0,0.46875,100,"[34, 23, 15, 15, 2, 2, 4, 0, 3, 0, 13, 19, 34, 24, 32, 68, 60, 55, 88, 107, 93, 105, 115, 116, 127, 127, 127, 127, 116, 125, 86, 99, 99, 87, 75, 61, 54, 37, 27, 29, 15, 5, 0, 0, 5, 0, 0, 3, 7, 8, 35, 37, 51, 47, 74, 77, 95, 112, 115, 101, 111, 125, 117, 116, 121, 125, 123, 116, 113, 109, 84, 99, 75, 68, 63, 29, 20, 31, 5, 7, 7, 14, 5, 0, 5, 0, 18, 11, 13, 37, 43, 42, 70, 87, 83, 89, 102, 118, 109, 127]"
16,best_of_k,Best-of-K,10,Linear,11.122679257299751,8.490797228147807e-11,-841.5064086914062,121.0,0.47265625,99,"[46, 57, 83, 90, 96, 109, 117, 123, 124, 127, 125, 118, 120, 102, 95, 86, 81, 75, 59, 36, 20, 16, 5, 13, 0, 18, 0, 0, 30, 27, 31, 47, 58, 66, 79, 77, 92, 101, 118, 111, 123, 127, 127, 127, 121, 110, 104, 84, 82, 63, 53, 35, 37, 23, 5, 13, 7, 0, 2, 0, 9, 17, 30, 20, 42, 53, 74, 92, 91, 92, 115, 127, 111, 127, 127, 127, 116, 117, 109, 99, 76, 76, 61, 49, 41, 20, 11, 9, 10, 0, 0, 11, 24, 17, 30, 44, 51, 62, 84]"
17,best_of_k,Best-of-K,10,Linear,10.87815070990473,3.581747930283181e-10,-940.8934326171875,122.0,0.4765625,111,"[14, 8, 32, 23, 39, 49, 69, 68, 77, 91, 103, 113, 111, 122, 127, 127, 127, 127, 120, 126, 120, 107, 99, 88, 76, 67, 66, 52, 27, 26, 29, 24, 6, 0, 1, 0, 3, 2, 6, 5, 33, 28, 43, 59, 70, 63, 82, 95, 101, 123, 116, 127, 118, 127, 125, 127, 125, 127, 119, 99, 101, 100, 73, 72, 65, 48, 34, 19, 21, 14, 4, 2, 0, 4, 0, 3, 12, 23, 25, 33, 37, 48, 62, 81, 94, 94, 106, 108, 127, 119, 122, 125, 119, 127, 127, 127, 115, 110, 105, 86, 73, 70, 70, 45, 35, 28, 13, 4, 9, 0, 3]"
18,best_of_k,Best-of-K,10,Linear,11.054185466840863,2.5188442079928535e-10,-917.3147583007812,120.0,0.46875,105,"[35, 24, 1, 8, 0, 0, 7, 25, 12, 35, 43, 57, 74, 69, 102, 114, 127, 118, 118, 127, 127, 120, 106, 93, 86, 73, 53, 50, 35, 27, 16, 10, 0, 14, 3, 7, 28, 28, 50, 52, 56, 64, 81, 99, 113, 121, 123, 120, 121, 123, 106, 103, 105, 89, 77, 44, 34, 32, 18, 0, 12, 0, 0, 10, 22, 22, 33, 34, 64, 66, 77, 94, 109, 117, 112, 124, 126, 127, 127, 123, 109, 101, 82, 84, 61, 61, 38, 20, 28, 0, 5, 2, 7, 3, 17, 26, 42, 48, 67, 75, 83, 94, 104, 117, 124]"
19,best_of_k,Best-of-K,10,Linear,11.016678747721016,5.407777713526961e-10,-989.08544921875,122.0,0.4765625,116,"[42, 53, 64, 79, 101, 108, 114, 117, 127, 124, 127, 127, 123, 112, 116, 108, 98, 78, 71, 68, 61, 48, 27, 26, 14, 17, 9, 0, 3, 14, 13, 0, 16, 30, 24, 37, 41, 58, 75, 77, 101, 112, 111, 127, 125, 127, 121, 127, 123, 117, 110, 106, 90, 82, 67, 67, 59, 38, 22, 27, 2, 3, 5, 14, 0, 0, 4, 1, 17, 25, 27, 37, 56, 61, 65, 78, 94, 101, 115, 121, 127, 127, 127, 122, 127, 121, 110, 119, 110, 81, 88, 94, 68, 55, 30, 29, 21, 0, 6, 0, 0, 0, 0, 9, 15, 17, 31, 42, 57, 63, 75, 88, 102, 114, 115, 124]"
0,bootstrap_smc,Bootstrap SMC,10,Linear,159.31090910732746,4.677945856200461e-13,-642.7406616210938,119.0,0.46484375,76,"[58, 37, 19, 3, 3, 2, 15, 26, 35, 57, 70, 94, 110, 119, 127, 127, 121, 100, 73, 79, 61, 45, 16, 10, 10, 0, 0, 17, 25, 49, 67, 70, 112, 113, 127, 127, 127, 109, 102, 81, 65, 33, 38, 15, 0, 7, 9, 11, 29, 37, 49, 70, 93, 109, 115, 127, 127, 118, 114, 97, 74, 57, 43, 15, 6, 4, 3, 3, 12, 25, 43, 62, 87, 117, 113, 127]"
1,bootstrap_smc,Bootstrap SMC,10,Linear,168.3112569078803,3.975186846361112e-11,-796.6593627929688,120.0,0.46875,94,"[1, 0, 7, 32, 45, 54, 66, 82, 93, 108, 121, 120, 127, 125, 127, 126, 111, 96, 94, 71, 53, 39, 15, 19, 5, 5, 0, 4, 0, 15, 22, 38, 53, 66, 74, 96, 107, 110, 127, 120, 127, 121, 118, 106, 100, 72, 72, 46, 37, 26, 19, 12, 0, 0, 9, 10, 9, 29, 50, 45, 75, 78, 85, 117, 117, 123, 127, 126, 126, 122, 105, 89, 81, 64, 50, 42, 33, 16, 9, 2, 4, 4, 16, 10, 28, 36, 62, 69, 85, 97, 114, 110, 124, 127]"
2,bootstrap_smc,Bootstrap SMC,10,Linear,159.6382912392728,5.36132770123654e-13,-661.4854736328125,120.0,0.46875,77,"[10, 16, 33, 34, 52, 74, 60, 80, 92, 114, 117, 125, 119, 126, 121, 127, 116, 123, 104, 103, 91, 79, 58, 46, 38, 25, 18, 13, 6, 1, 6, 0, 4, 8, 26, 21, 31, 62, 53, 76, 95, 93, 96, 110, 117, 127, 127, 127, 127, 119, 112, 104, 101, 94, 82, 65, 49, 41, 25, 15, 11, 11, 6, 0, 2, 0, 12, 11, 12, 28, 28, 58, 72, 84, 91, 102, 101]"
3,bootstrap_smc,Bootstrap SMC,10,Linear,171.38738614926115,1.5473798457843468e-12,-690.1873779296875,119.0,0.46484375,80,"[40, 48, 55, 60, 86, 95, 114, 104, 127, 123, 119, 118, 126, 127, 116, 104, 99, 105, 73, 70, 67, 48, 30, 31, 20, 11, 0, 3, 0, 0, 2, 17, 27, 30, 41, 34, 45, 79, 79, 90, 113, 114, 114, 127, 121, 122, 127, 115, 116, 115, 109, 85, 82, 76, 65, 53, 42, 32, 19, 10, 9, 0, 0, 8, 0, 8, 22, 26, 31, 44, 55, 75, 70, 103, 97, 113, 122, 115, 127, 117]"
4,bootstrap_smc,Bootstrap SMC,10,Linear,162.7409341870807,2.7284372677849333e-11,-781.40771484375,121.0,0.47265625,93,"[104, 101, 111, 125, 127, 127, 127, 121, 127, 127, 111, 85, 87, 88, 65, 61, 37, 36, 22, 7, 7, 0, 0, 0, 0, 0, 16, 18, 32, 42, 39, 54, 58, 72, 89, 91, 100, 110, 111, 124, 126, 127, 127, 119, 113, 112, 95, 90, 84, 67, 50, 43, 32, 25, 13, 5, 0, 0, 4, 7, 18, 7, 22, 21, 27, 55, 61, 83, 82, 93, 108, 124, 119, 126, 127, 127, 127, 127, 112, 109, 92, 90, 89, 72, 52, 34, 41, 21, 7, 3, 7, 1, 0]"
5,bootstrap_smc,Bootstrap SMC,10,Linear,160.09022823069245,1.1925804788148753e-10,-860.0660400390625,120.0,0.46875,100,"[38, 26, 11, 0, 14, 7, 12, 8, 0, 0, 16, 18, 8, 29, 42, 49, 54, 68, 75, 90, 90, 109, 108, 112, 112, 127, 124, 127, 127, 122, 127, 117, 110, 108, 89, 88, 62, 60, 47, 33, 26, 6, 17, 2, 2, 14, 5, 9, 0, 21, 17, 16, 25, 36, 53, 61, 56, 82, 88, 98, 106, 119, 123, 121, 119, 127, 127, 126, 126, 127, 115, 124, 99, 84, 75, 67, 59, 44, 51, 30, 20, 22, 24, 0, 0, 10, 0, 0, 0, 9, 6, 27, 29, 41, 47, 58, 77, 82, 82, 113]"
6,bootstrap_smc,Bootstrap SMC,10,Linear,165.34242547722533,1.601856702837523e-10,-878.6778564453125,121.0,0.47265625,103,"[18, 20, 19, 7, 16, 8, 0, 0, 10, 12, 21, 42, 46, 39, 53, 68, 95, 90, 103, 114, 123, 127, 118, 113, 127, 125, 113, 106, 103, 87, 76, 69, 60, 42, 30, 24, 6, 0, 10, 0, 7, 9, 9, 13, 22, 26, 33, 50, 68, 65, 85, 95, 103, 106, 119, 125, 126, 127, 127, 127, 109, 116, 110, 103, 76, 74, 57, 48, 37, 19, 14, 0, 5, 7, 0, 4, 5, 11, 14, 29, 33, 47, 47, 60, 68, 87, 104, 121, 113, 123, 122, 127, 127, 127, 121, 118, 112, 89, 82, 62, 54, 49, 47]"
7,bootstrap_smc,Bootstrap SMC,10,Linear,158.49891059100628,3.016134286770722e-10,-951.6256713867188,123.0,0.48046875,111,"[17, 32, 52, 51, 68, 75, 95, 92, 109, 112, 124, 127, 127, 127, 123, 117, 111, 93, 92, 91, 76, 72, 49, 42, 39, 22, 18, 0, 12, 7, 1, 1, 5, 16, 15, 32, 34, 52, 50, 77, 79, 107, 109, 122, 127, 119, 112, 127, 119, 118, 114, 99, 92, 86, 56, 66, 51, 36, 17, 28, 12, 12, 0, 0, 2, 0, 12, 22, 33, 24, 42, 58, 80, 78, 88, 112, 123, 119, 125, 127, 127, 127, 127, 118, 120, 104, 97, 90, 80, 60, 31, 39, 25, 26, 12, 6, 0, 0, 18, 1, 17, 20, 31, 41, 52, 66, 72, 83, 98, 106, 121]"
8,bootstrap_smc,Bootstrap SMC,10,Linear,168.97468718979508,2.7284372677849333e-11,-790.1089477539062,121.0,0.47265625,93,"[30, 39, 41, 60, 67, 87, 84, 115, 114, 122, 121, 127, 125, 127, 127, 119, 117, 114, 104, 97, 89, 70, 74, 56, 43, 37, 22, 14, 6, 0, 1, 0, 3, 8, 4, 21, 28, 33, 54, 48, 50, 79, 76, 98, 107, 119, 110, 115, 127, 120, 127, 126, 127, 114, 104, 86, 96, 78, 67, 52, 42, 38, 11, 22, 16, 3, 0, 1, 2, 8, 4, 21, 20, 21, 41, 59, 71, 67, 90, 105, 110, 125, 121, 127, 127, 127, 127, 127, 120, 112, 120, 97, 75]"
9,bootstrap_smc,Bootstrap SMC,10,Linear,165.9044853616506,2.980550181663766e-11,-769.3120727539062,118.0,0.4609375,91,"[11, 9, 13, 20, 48, 57, 69, 79, 98, 105, 127, 127, 122, 127, 118, 110, 92, 82, 82, 63, 45, 36, 13, 3, 2, 7, 12, 9, 22, 27, 40, 56, 60, 88, 92, 106, 116, 127, 124, 127, 127, 109, 100, 96, 80, 57, 36, 39, 16, 14, 10, 0, 10, 5, 3, 21, 35, 40, 59, 74, 91, 99, 104, 118, 127, 127, 120, 119, 117, 100, 92, 75, 54, 48, 31, 27, 7, 0, 4, 4, 10, 6, 30, 38, 49, 59, 68, 89, 106, 127, 126]"
10,bootstrap_smc,Bootstrap SMC,10,Linear,171.88111387612298,2.4224467375620617e-13,-635.939208984375,121.0,0.47265625,75,"[20, 36, 50, 79, 93, 94, 109, 111, 127, 127, 115, 121, 114, 108, 86, 81, 44, 25, 30, 17, 13, 5, 4, 15, 14, 24, 32, 51, 62, 72, 91, 116, 124, 116, 127, 127, 127, 118, 106, 89, 76, 59, 39, 25, 19, 4, 3, 0, 5, 8, 6, 33, 39, 63, 69, 87, 104, 113, 120, 127, 125, 127, 125, 105, 102, 87, 67, 63, 46, 23, 16, 4, 0, 8, 5]"
11,bootstrap_smc,Bootstrap SMC,10,Linear,165.1836601276882,2.3080379274453833e-10,-910.5164184570312,122.0,0.4765625,107,"[4, 17, 15, 10, 28, 31, 44, 58, 75, 78, 92, 105, 108, 114, 113, 127, 127, 127, 120, 122, 108, 105, 93, 84, 74, 71, 40, 32, 21, 13, 9, 13, 0, 0, 0, 10, 5, 22, 30, 46, 46, 66, 72, 78, 98, 95, 100, 112, 119, 127, 126, 126, 127, 127, 101, 97, 102, 72, 66, 52, 43, 33, 23, 10, 1, 0, 0, 5, 8, 6, 6, 22, 36, 43, 36, 69, 79, 82, 100, 99, 115, 126, 127, 127, 122, 120, 125, 108, 111, 99, 92, 74, 64, 56, 34, 23, 17, 20, 0, 0, 0, 6, 17, 18, 7, 41, 40]"
12,bootstrap_smc,Bootstrap SMC,10,Linear,173.37085341569036,2.2589800863226372e-10,-876.4781494140625,119.0,0.46484375,103,"[0, 10, 0, 0, 7, 12, 15, 23, 22, 47, 44, 49, 59, 64, 85, 93, 106, 111, 123, 118, 127, 127, 127, 127, 121, 116, 106, 105, 90, 90, 53, 65, 48, 51, 24, 28, 13, 5, 8, 0, 1, 0, 14, 7, 12, 17, 41, 39, 57, 64, 69, 89, 95, 97, 105, 116, 120, 127, 127, 127, 119, 119, 123, 102, 99, 90, 87, 72, 64, 41, 17, 32, 20, 21, 16, 7, 4, 12, 4, 3, 14, 24, 22, 30, 34, 54, 51, 66, 67, 85, 96, 98, 110, 106, 127, 111, 126, 127, 127, 117, 113, 116, 103]"
13,bootstrap_smc,Bootstrap SMC,10,Linear,163.8105524550192,2.2846470808940422e-12,-720.6602783203125,120.0,0.46875,82,"[17, 25, 1, 0, 12, 0, 17, 1, 4, 23, 35, 30, 57, 50, 61, 79, 91, 103, 112, 127, 117, 127, 125, 126, 125, 119, 102, 102, 79, 78, 71, 41, 45, 27, 29, 5, 15, 9, 7, 0, 8, 13, 30, 19, 27, 45, 59, 58, 68, 87, 90, 101, 121, 124, 121, 127, 124, 115, 115, 116, 111, 90, 88, 89, 76, 62, 40, 29, 18, 20, 1, 0, 0, 8, 0, 10, 10, 17, 39, 45, 65, 81]"
14,bootstrap_smc,Bootstrap SMC,10,Linear,161.37221765704453,2.1210794232118246e-10,-911.0406494140625,121.0,0.47265625,105,"[19, 13, 20, 45, 52, 62, 80, 98, 96, 100, 113, 126, 127, 122, 123, 116, 113, 122, 94, 80, 73, 64, 52, 38, 32, 15, 9, 0, 0, 0, 0, 13, 23, 25, 43, 43, 78, 81, 98, 114, 118, 125, 124, 127, 125, 121, 119, 109, 90, 86, 76, 61, 52, 38, 24, 20, 8, 7, 8, 7, 0, 13, 12, 30, 32, 41, 71, 85, 81, 105, 111, 125, 126, 117, 127, 127, 123, 113, 104, 101, 75, 69, 54, 49, 35, 18, 30, 0, 3, 0, 12, 1, 20, 40, 32, 35, 71, 72, 86, 115, 120, 126, 126, 127, 127]"
15,bootstrap_smc,Bootstrap SMC,10,Linear,165.03832945413888,1.0873303498630093e-14,-557.2109375,121.0,0.47265625,66,"[127, 127, 122, 127, 108, 111, 96, 78, 57, 43, 26, 21, 0, 0, 0, 3, 10, 26, 44, 49, 71, 89, 107, 108, 127, 124, 122, 124, 113, 113, 94, 87, 63, 38, 33, 17, 4, 4, 0, 1, 11, 11, 31, 47, 67, 96, 115, 117, 127, 123, 122, 127, 108, 92, 92, 81, 53, 54, 20, 18, 7, 0, 2, 14, 13, 23]"
16,bootstrap_smc,Bootstrap SMC,10,Linear,173.73084550583735,5.496663454257478e-12,-735.671875,121.0,0.47265625,86,"[112, 73, 89, 100, 98, 120, 124, 127, 123, 118, 127, 115, 111, 92, 77, 64, 54, 54, 39, 10, 18, 11, 16, 0, 1, 8, 6, 12, 28, 32, 40, 51, 72, 89, 110, 106, 123, 126, 127, 127, 127, 124, 118, 113, 101, 90, 75, 73, 47, 35, 23, 12, 12, 3, 4, 0, 7, 4, 9, 22, 24, 51, 60, 74, 73, 118, 108, 120, 127, 127, 127, 127, 118, 118, 103, 92, 70, 77, 54, 44, 46, 11, 12, 10, 3, 0]"
17,bootstrap_smc,Bootstrap SMC,10,Linear,161.80606097122654,7.135145946302046e-11,-849.6515502929688,121.0,0.47265625,98,"[127, 127, 127, 122, 105, 90, 88, 81, 65, 51, 47, 42, 28, 16, 13, 6, 4, 5, 0, 5, 6, 20, 28, 37, 47, 44, 73, 74, 81, 102, 110, 120, 122, 114, 127, 123, 124, 112, 114, 99, 96, 83, 77, 65, 49, 32, 30, 4, 13, 10, 6, 0, 13, 9, 0, 17, 20, 35, 47, 59, 60, 76, 96, 109, 110, 126, 127, 127, 111, 127, 123, 113, 102, 118, 106, 104, 78, 57, 51, 54, 36, 14, 10, 10, 10, 0, 8, 0, 9, 13, 15, 43, 34, 51, 71, 58, 83, 99]"
18,bootstrap_smc,Bootstrap SMC,10,Linear,163.89220921322703,5.36132770123654e-13,-657.532470703125,120.0,0.46875,77,"[68, 92, 106, 104, 111, 127, 127, 127, 122, 116, 100, 93, 70, 60, 44, 33, 18, 7, 0, 6, 8, 6, 6, 27, 39, 42, 64, 64, 86, 100, 106, 117, 127, 118, 125, 115, 109, 104, 82, 73, 50, 49, 31, 9, 9, 12, 0, 5, 17, 25, 25, 37, 72, 80, 80, 103, 117, 121, 123, 127, 125, 122, 108, 103, 101, 79, 61, 50, 32, 22, 14, 0, 0, 3, 7, 21, 32]"
19,bootstrap_smc,Bootstrap SMC,10,Linear,166.68427729373798,5.36132770123654e-13,-655.7744140625,120.0,0.46875,77,"[18, 38, 61, 64, 98, 105, 122, 116, 125, 127, 119, 113, 82, 81, 81, 42, 34, 20, 16, 5, 0, 0, 17, 23, 39, 49, 60, 94, 105, 113, 109, 120, 126, 127, 110, 107, 92, 90, 54, 43, 15, 10, 0, 5, 5, 4, 22, 24, 36, 60, 82, 85, 108, 113, 127, 127, 127, 123, 108, 94, 88, 72, 46, 40, 23, 11, 0, 0, 0, 9, 28, 36, 51, 72, 83, 102, 116]"
0,exact_guidance_u,Exact Guidance,10,Linear,228.1420442899689,2.876726696121336e-13,-628.1025390625,120.0,0.46875,75,"[0, 0, 21, 20, 44, 62, 69, 94, 112, 127, 127, 112, 113, 105, 98, 72, 47, 45, 11, 13, 0, 0, 14, 18, 34, 38, 59, 90, 104, 112, 127, 126, 126, 125, 108, 93, 70, 49, 44, 16, 0, 5, 0, 1, 18, 17, 36, 65, 75, 104, 111, 121, 127, 127, 114, 113, 97, 82, 75, 46, 23, 15, 4, 0, 10, 8, 27, 32, 73, 89, 102, 115, 113, 127, 127]"
1,exact_guidance_u,Exact Guidance,10,Linear,378.17509324476123,7.45043786835716e-10,-1024.59716796875,122.0,0.4765625,123,"[127, 122, 127, 126, 126, 118, 113, 102, 109, 91, 90, 77, 76, 70, 59, 45, 35, 31, 35, 15, 12, 16, 17, 2, 7, 3, 5, 0, 20, 11, 18, 14, 24, 31, 37, 42, 53, 58, 79, 82, 86, 106, 109, 110, 112, 111, 117, 127, 119, 115, 127, 124, 117, 125, 114, 115, 99, 111, 84, 81, 77, 61, 63, 48, 67, 29, 30, 25, 25, 17, 1, 2, 12, 8, 2, 6, 0, 0, 16, 10, 16, 34, 32, 48, 50, 59, 71, 87, 92, 86, 95, 108, 108, 115, 124, 127, 111, 127, 113, 127, 127, 127, 119, 126, 107, 110, 92, 94, 86, 67, 59, 55, 43, 45, 30, 17, 12, 15, 12, 0, 1, 6, 0]"
2,exact_guidance_u,Exact Guidance,10,Linear,316.66488855006173,3.9371433494346174e-10,-900.5570068359375,122.0,0.4765625,112,"[77, 83, 86, 109, 114, 109, 116, 127, 127, 127, 127, 119, 120, 115, 111, 104, 94, 83, 71, 55, 53, 39, 29, 21, 24, 2, 0, 5, 1, 2, 0, 9, 22, 11, 16, 26, 41, 47, 53, 64, 72, 80, 101, 102, 106, 110, 127, 127, 127, 127, 115, 119, 127, 108, 113, 86, 90, 79, 74, 66, 53, 37, 39, 24, 15, 15, 10, 5, 0, 0, 0, 14, 15, 14, 19, 20, 39, 49, 58, 61, 69, 89, 106, 103, 112, 122, 120, 127, 115, 127, 127, 120, 114, 111, 105, 99, 83, 86, 72, 56, 58, 28, 23, 23, 21, 18, 7, 3, 0, 6, 6, 4]"
3,exact_guidance_u,Exact Guidance,10,Linear,236.5023606000468,7.252423588763644e-13,-666.8494873046875,120.0,0.46875,78,"[98, 88, 74, 46, 35, 35, 17, 8, 6, 4, 0, 11, 8, 31, 31, 55, 55, 85, 87, 101, 113, 127, 118, 123, 127, 120, 117, 97, 93, 70, 60, 50, 47, 30, 5, 0, 0, 8, 16, 0, 26, 31, 54, 60, 78, 99, 110, 108, 116, 127, 127, 127, 119, 114, 108, 90, 79, 54, 39, 20, 19, 2, 0, 8, 9, 17, 13, 23, 56, 55, 65, 79, 105, 106, 114, 112, 127, 127]"
4,exact_guidance_u,Exact Guidance,10,Linear,206.57751185493544,1.2510513410700042e-14,-552.82666015625,118.0,0.4609375,65,"[24, 24, 44, 56, 82, 93, 114, 111, 112, 127, 127, 116, 114, 99, 81, 64, 60, 44, 17, 23, 0, 8, 0, 4, 15, 33, 46, 61, 72, 86, 113, 107, 123, 117, 125, 114, 121, 102, 89, 72, 69, 50, 38, 39, 2, 0, 1, 0, 10, 23, 26, 54, 69, 74, 102, 106, 111, 127, 125, 124, 117, 104, 102, 79, 71]"
5,exact_guidance_u,Exact Guidance,10,Linear,391.8027912382968,1.3939654896683439e-09,-995.0133056640625,118.0,0.4609375,121,"[0, 14, 23, 27, 22, 40, 41, 58, 67, 80, 95, 92, 99, 111, 120, 122, 116, 127, 119, 126, 127, 122, 127, 121, 100, 113, 95, 92, 92, 80, 65, 65, 48, 42, 33, 27, 29, 13, 24, 6, 15, 0, 0, 0, 0, 0, 0, 8, 15, 27, 26, 40, 37, 48, 58, 61, 59, 78, 87, 94, 105, 111, 117, 117, 122, 120, 126, 127, 123, 127, 127, 127, 110, 118, 106, 97, 79, 90, 72, 80, 64, 43, 60, 39, 38, 18, 23, 6, 6, 8, 10, 2, 0, 2, 9, 12, 4, 6, 11, 11, 32, 30, 29, 43, 39, 59, 66, 75, 92, 99, 87, 110, 112, 114, 115, 116, 122, 123, 126, 127, 126]"
6,exact_guidance_u,Exact Guidance,10,Linear,310.41853816015646,7.109257478375671e-10,-942.9295654296875,120.0,0.46875,115,"[122, 124, 127, 123, 127, 117, 118, 118, 98, 85, 80, 70, 64, 44, 41, 34, 32, 19, 7, 5, 7, 0, 0, 4, 6, 9, 29, 35, 38, 49, 64, 72, 84, 87, 102, 97, 115, 124, 127, 127, 125, 127, 115, 125, 117, 105, 108, 88, 79, 52, 60, 47, 43, 28, 29, 17, 2, 11, 0, 6, 3, 1, 18, 11, 17, 30, 42, 42, 55, 65, 80, 84, 100, 105, 106, 127, 127, 121, 127, 127, 124, 127, 114, 100, 99, 98, 72, 61, 63, 52, 36, 23, 13, 12, 10, 7, 7, 0, 4, 10, 10, 20, 23, 27, 56, 50, 60, 80, 80, 93, 100, 106, 127, 114, 127]"
7,exact_guidance_u,Exact Guidance,10,Linear,260.61648892611265,3.4106426523138024e-10,-845.4075927734375,119.0,0.46484375,106,"[39, 56, 53, 79, 100, 106, 108, 127, 118, 126, 127, 116, 122, 116, 100, 92, 93, 89, 56, 50, 33, 23, 25, 5, 7, 6, 2, 1, 14, 12, 16, 11, 36, 39, 49, 63, 76, 88, 104, 116, 127, 109, 127, 126, 119, 127, 107, 112, 110, 101, 86, 68, 61, 56, 36, 23, 3, 6, 3, 0, 0, 0, 5, 13, 19, 23, 43, 54, 72, 79, 77, 89, 112, 112, 116, 121, 127, 127, 127, 118, 110, 103, 104, 89, 77, 78, 54, 46, 38, 5, 4, 4, 0, 0, 0, 12, 6, 15, 13, 27, 58, 56, 81, 93, 107, 106]"
8,exact_guidance_u,Exact Guidance,10,Linear,343.92908150004223,6.109888639815439e-10,-982.5860595703125,122.0,0.4765625,118,"[114, 109, 98, 91, 79, 76, 73, 54, 47, 34, 32, 35, 30, 24, 13, 10, 0, 8, 0, 15, 7, 11, 6, 16, 23, 31, 37, 49, 54, 70, 66, 77, 83, 107, 112, 117, 118, 123, 125, 127, 127, 112, 120, 124, 106, 118, 93, 94, 88, 83, 54, 50, 39, 37, 32, 23, 15, 6, 8, 0, 13, 6, 0, 9, 6, 13, 13, 26, 28, 14, 43, 49, 58, 74, 80, 92, 97, 105, 121, 117, 122, 117, 127, 127, 127, 127, 127, 117, 118, 104, 95, 97, 87, 82, 65, 56, 56, 32, 29, 19, 19, 18, 5, 2, 1, 0, 4, 6, 3, 0, 20, 21, 25, 34, 47, 53, 58, 72]"
9,exact_guidance_u,Exact Guidance,10,Linear,292.72157978778705,7.109257478375671e-10,-929.4326782226562,120.0,0.46875,115,"[18, 18, 5, 3, 0, 0, 5, 14, 31, 28, 53, 65, 65, 86, 89, 116, 121, 127, 118, 125, 125, 123, 113, 107, 95, 80, 66, 59, 41, 21, 19, 11, 12, 7, 0, 0, 11, 21, 33, 35, 47, 64, 83, 92, 93, 107, 119, 127, 122, 121, 127, 120, 114, 101, 95, 81, 63, 54, 45, 19, 13, 3, 0, 4, 3, 0, 17, 22, 26, 45, 50, 64, 88, 87, 108, 109, 105, 127, 124, 123, 127, 116, 111, 111, 90, 85, 72, 59, 33, 23, 8, 17, 0, 14, 2, 0, 5, 7, 12, 36, 33, 62, 68, 84, 95, 111, 114, 119, 122, 127, 124, 126, 107, 87, 59]"
10,exact_guidance_u,Exact Guidance,10,Linear,268.8527255668305,6.107152963145187e-13,-653.3372192382812,121.0,0.47265625,78,"[25, 36, 52, 70, 90, 89, 126, 117, 122, 127, 127, 127, 120, 106, 91, 67, 58, 53, 34, 25, 22, 11, 0, 1, 12, 6, 24, 35, 55, 82, 88, 93, 101, 127, 127, 127, 127, 127, 115, 97, 96, 63, 69, 45, 26, 15, 5, 0, 0, 0, 1, 25, 18, 31, 48, 62, 86, 84, 116, 127, 124, 123, 127, 127, 119, 105, 103, 87, 83, 56, 27, 21, 16, 0, 0, 1, 5, 16]"
11,exact_guidance_u,Exact Guidance,10,Linear,340.69857110315934,8.130928703352517e-10,-952.9439086914062,120.0,0.46875,117,"[90, 74, 51, 46, 43, 18, 19, 6, 16, 4, 1, 3, 0, 8, 9, 0, 23, 20, 25, 53, 65, 66, 61, 79, 85, 96, 106, 116, 123, 127, 127, 127, 125, 122, 125, 113, 110, 110, 92, 79, 72, 69, 55, 53, 33, 30, 11, 18, 0, 0, 0, 0, 2, 4, 0, 5, 23, 19, 25, 37, 57, 57, 65, 79, 95, 95, 101, 107, 126, 125, 127, 127, 127, 127, 126, 112, 104, 101, 101, 85, 73, 66, 54, 39, 38, 28, 25, 13, 20, 0, 0, 0, 6, 0, 12, 8, 19, 29, 47, 52, 62, 66, 73, 87, 99, 111, 113, 120, 118, 127, 127, 127, 121, 118, 118, 104, 104]"
12,exact_guidance_u,Exact Guidance,10,Linear,309.80787059804425,2.0365877475916483e-10,-876.023681640625,122.0,0.4765625,106,"[100, 114, 121, 118, 127, 127, 127, 122, 124, 127, 115, 111, 110, 107, 105, 87, 70, 68, 56, 43, 45, 16, 22, 8, 5, 10, 7, 9, 0, 0, 0, 16, 7, 6, 31, 32, 45, 41, 65, 74, 79, 87, 96, 114, 113, 111, 114, 117, 117, 127, 124, 127, 123, 122, 108, 109, 102, 95, 80, 81, 74, 54, 55, 35, 49, 15, 24, 0, 0, 0, 0, 3, 2, 0, 0, 19, 30, 19, 16, 38, 53, 56, 75, 81, 84, 89, 99, 114, 114, 121, 127, 124, 127, 127, 119, 127, 127, 120, 105, 110, 97, 83, 67, 53, 47, 52]"
13,exact_guidance_u,Exact Guidance,10,Linear,278.64018076099455,8.458957422733717e-10,-926.8557739257812,117.0,0.45703125,111,"[43, 23, 20, 3, 2, 0, 13, 6, 10, 21, 41, 53, 47, 70, 84, 91, 101, 111, 123, 127, 127, 126, 119, 119, 113, 112, 94, 82, 56, 44, 36, 33, 22, 9, 7, 0, 6, 11, 13, 12, 34, 43, 44, 73, 71, 90, 93, 107, 120, 113, 127, 127, 126, 120, 110, 102, 95, 85, 72, 56, 43, 27, 23, 8, 8, 6, 1, 3, 4, 17, 18, 32, 46, 59, 65, 85, 99, 103, 121, 116, 122, 124, 127, 122, 119, 122, 110, 85, 90, 75, 66, 49, 37, 25, 11, 5, 2, 0, 6, 3, 10, 18, 27, 52, 51, 70, 83, 103, 113, 115, 120]"
14,exact_guidance_u,Exact Guidance,10,Linear,439.4089038306847,7.728338507571258e-10,-1035.6790771484375,122.0,0.4765625,125,"[127, 124, 108, 117, 104, 97, 80, 78, 50, 56, 45, 33, 32, 25, 32, 8, 7, 6, 0, 0, 0, 5, 1, 24, 6, 22, 27, 42, 48, 47, 75, 78, 91, 97, 96, 106, 118, 122, 123, 127, 124, 126, 127, 124, 119, 113, 106, 99, 99, 95, 81, 64, 62, 56, 44, 39, 23, 24, 2, 0, 4, 4, 4, 0, 6, 0, 15, 11, 19, 35, 45, 43, 58, 63, 83, 77, 93, 102, 101, 121, 105, 126, 127, 127, 127, 127, 123, 118, 109, 119, 88, 93, 76, 75, 57, 51, 36, 34, 29, 17, 10, 4, 14, 0, 0, 11, 1, 13, 16, 12, 23, 39, 38, 56, 68, 90, 88, 93, 96, 119, 113, 120, 124, 123, 127]"
15,exact_guidance_u,Exact Guidance,10,Linear,359.8181364587508,9.500218488466333e-10,-979.6343994140625,120.0,0.46875,120,"[35, 30, 19, 2, 0, 0, 0, 6, 15, 21, 31, 47, 62, 58, 73, 92, 113, 112, 125, 117, 127, 127, 126, 120, 109, 103, 85, 69, 58, 42, 35, 33, 17, 12, 0, 2, 7, 4, 2, 10, 27, 35, 44, 70, 76, 87, 108, 109, 120, 127, 127, 127, 127, 125, 110, 112, 91, 78, 63, 66, 38, 21, 10, 17, 0, 11, 0, 0, 4, 8, 32, 34, 51, 54, 69, 88, 99, 100, 111, 104, 119, 123, 122, 117, 117, 106, 99, 82, 64, 70, 49, 35, 23, 22, 5, 12, 5, 0, 9, 17, 10, 27, 38, 52, 65, 80, 105, 99, 110, 116, 122, 120, 127, 127, 121, 123, 102, 95, 72, 63]"
16,exact_guidance_u,Exact Guidance,10,Linear,413.90745743596926,1.2942531436031614e-09,-1010.632568359375,119.0,0.46484375,125,"[0, 1, 4, 0, 6, 6, 8, 14, 11, 23, 26, 39, 34, 54, 70, 72, 91, 82, 94, 103, 117, 116, 126, 120, 120, 118, 127, 127, 121, 113, 114, 107, 95, 99, 92, 83, 70, 55, 50, 49, 32, 35, 15, 1, 1, 0, 0, 0, 1, 0, 2, 22, 10, 22, 32, 30, 48, 50, 59, 63, 80, 68, 91, 108, 104, 112, 121, 122, 126, 124, 125, 121, 119, 124, 116, 104, 117, 113, 97, 86, 66, 66, 66, 40, 50, 43, 18, 16, 26, 18, 5, 2, 0, 3, 0, 4, 6, 3, 6, 18, 31, 28, 37, 53, 65, 74, 83, 88, 89, 109, 111, 107, 114, 127, 125, 127, 127, 123, 127, 126, 115, 116, 111, 104, 93]"
17,exact_guidance_u,Exact Guidance,10,Linear,221.70957418810576,6.47471874194129e-14,-592.9380493164062,119.0,0.46484375,70,"[114, 94, 71, 56, 41, 22, 2, 7, 0, 0, 15, 17, 35, 62, 64, 98, 107, 119, 126, 126, 123, 121, 101, 94, 73, 65, 32, 16, 8, 2, 0, 13, 9, 26, 34, 56, 75, 110, 110, 126, 123, 126, 124, 112, 93, 87, 50, 48, 30, 13, 3, 0, 0, 15, 12, 24, 35, 46, 78, 87, 106, 125, 127, 127, 127, 117, 99, 88, 55, 47]"
18,exact_guidance_u,Exact Guidance,10,Linear,185.38857010984793,3.911221139373022e-15,-523.4054565429688,118.0,0.4609375,62,"[56, 49, 40, 8, 0, 0, 3, 0, 16, 35, 44, 67, 79, 107, 123, 117, 127, 127, 112, 106, 88, 68, 57, 31, 22, 17, 8, 0, 0, 16, 16, 44, 65, 73, 91, 112, 115, 119, 119, 127, 101, 113, 81, 50, 40, 16, 19, 0, 15, 0, 0, 23, 41, 52, 81, 80, 113, 127, 126, 127, 117, 110]"
19,exact_guidance_u,Exact Guidance,10,Linear,222.7205406818539,7.252423588763644e-13,-672.6624145507812,120.0,0.46875,78,"[33, 52, 65, 77, 100, 104, 118, 127, 127, 116, 122, 127, 109, 98, 72, 74, 48, 31, 23, 4, 19, 0, 18, 16, 13, 35, 37, 60, 73, 90, 91, 112, 127, 127, 127, 127, 127, 110, 105, 91, 79, 57, 41, 28, 30, 11, 0, 0, 12, 15, 15, 32, 41, 55, 60, 88, 105, 107, 127, 127, 127, 119, 120, 113, 97, 92, 72, 46, 47, 37, 8, 0, 1, 5, 7, 23, 22, 30]"
